customer_id,gender,age,region,contract_type,internet_service,payment_method,tenure_months,monthly_charges,total_charges,support_tickets,late_payments,senior_citizen,churn,signup_date
10001,Male,68,West,Month-to-Month,Fiber Optic,Credit Card,9,117.21,979.66,3.0,1,Yes,No,2020-08-12
10002,Female,64,East,Two Year,Fiber Optic,Mailed Check,14,56.13,792.22,0.0,1,Yes,No,2024-10-26
10003,Female,64,East,Month-to-Month,Fiber Optic,Credit Card,26,43.55,1171.88,4.0,1,Yes,No,2023-06-23
10004,Female,21,West,One Year,Fiber Optic,Bank Transfer,62,74.52,4340.7,2.0,0,No,No,2022-02-11
10005,Male,24,East,One Year,Fiber Optic,Electronic Check,25,89.4,2304.69,3.0,1,No,No,2024-12-27
10006,Male,62, east ,One Year,No Internet,Mailed Check,36,42.1,1503.36,3.0,0,Yes,No,2020-01-16
10007,Male,52,West,Month-to-Month,Fiber Optic,Credit Card,33,122.56,4246.09,4.0,0,No,Yes,2022-10-29
10008,Female,65,West,Month-to-Month,DSL,Bank Transfer,3,120.72,364.11,0.0,0,Yes,No,2020-02-27
10009,Female,26,South,One Year,DSL,Electronic Check,11,76.48,819.22,2.0,3,No,No,2022-09-11
10010,Female,25,North,Two Year,Fiber Optic,Bank Transfer,58,57.46,3243.09,2.0,0,No,No,2022-04-30
10011,Male,69,East,Month-to-Month,No Internet,electronic check,64,84.16,5728.79,0.0,2,Yes,No,2024-03-15
10012,Female,62,South,Two Year,DSL,Credit Card,18,42.38,757.09,3.0,0,Yes,Yes,2021-10-09
10013,Female,34,East,Month-to-Month,Fiber Optic,Mailed Check,47,115.58,5350.34,0.0,0,No,Yes,2025-01-17
10014,Male,34,East,One Year,Fiber Optic,Mailed Check,44,81.21,3310.18,2.0,0,No,No,2023-09-16
10015,Male,66,South,One Year,Fiber Optic,Credit Card,59,105.18,6070.91,3.0,0,Yes,No,2021-04-05
10016,Male,50,West,One Year,Fiber Optic,Bank Transfer,50,109.55,5783.91,1.0,0,No,No,2022-08-26
10017,Male,49,West,Two Year,Fiber Optic,Electronic Check,69,95.45,6861.07,2.0,1,No,No,2023-05-18
10018,Male,25,East,One Year,DSL,Bank Transfer,29,116.63,3231.24,2.0,2,No,No,2020-10-16
10019,Male,36,North,One Year,No Internet,Bank Transfer,67,76.46,5051.56,1.0,0,No,No,2023-01-25
10020,Male,55,East,Month-to-Month,DSL,Credit Card,2,59.42,113.07,4.0,1,No,No,2022-01-02
10021,Female,20,South,month-to-month,Fiber Optic,Mailed Check,25,34.45,923.84,4.0,1,No,No,2021-07-29
10022,Male,22,East,Month-to-Month,Fiber Optic,Bank Transfer,19,29.9,577.02,1.0,1,No,No,2022-04-21
10023,Male,30,South,One Year,Fiber Optic,Electronic Check,40,103.3,4300.16,3.0,1,No,No,2024-10-28
10024,Male,64,North,Month-to-Month,Fiber Optic,Bank Transfer,2,82.4,170.44,3.0,0,Yes,Yes,2025-07-31
10025,Male,63,South,Month-to-Month,Fiber Optic,Electronic Check,65,66.62,4589.21,3.0,3,Yes,No,2023-04-24
10026,Female,48,North,Month-to-Month,DSL,Bank Transfer,62,44.15,2934.09,3.0,1,No,No,2020-12-05
10027,Male,72,North,Month-to-Month,Fiber Optic,Bank Transfer,54,105.52,5271.81,3.0,0,Yes,Yes,2025-11-26
10028,Male,33,West,Month-to-Month,No Internet,Electronic Check,45,47.41,2295.7,0.0,2,No,No,2022-12-03
10029,Female,67,East,Two Year,Fiber Optic,Bank Transfer,49,122.77,6372.38,3.0,2,Yes,No,2025-05-19
10030,Male,49,East,One Year,No Internet,Credit Card,69,130.77,8854.14,2.0,3,No,No,2020-12-07
10031,Female,39,South,One Year,DSL,Credit Card,38,49.5,1982.44,3.0,1,No,No,2023-02-01
10032,Male,46,South,One Year,DSL,Electronic Check,4,88.75,368.44,0.0,4,No,No,2022-09-17
10033,Male,39,West,Month-to-Month,Fiber Optic,Electronic Check,17,98.0,1744.13,3.0,2,No,Yes,2021-09-23
10034,Female,60,East,Two Year,No Internet,Bank Transfer,53,42.31,2142.22,2.0,0,Yes,No,2023-11-26
10035,Female,20,West,Month-to-Month,No Internet,Electronic Check,53,47.45,2574.63,3.0,1,No,No,2023-11-14
10036,Female,71,North,Month-to-Month,DSL,Credit Card,31,68.94,1975.03,0.0,0,Yes,Yes,2023-10-17
10037,Male,27,West,One Year,DSL,Bank Transfer,22,43.54,1011.25,3.0,0,No,No,2023-12-28
10038,Male,59,South,Month-to-Month,DSL,Electronic Check,11,99.28,1170.89,3.0,0,No,No,2022-11-17
10039,Female,38,South,One Year,Fiber Optic,Credit Card,34,80.85,2820.21,3.0,0,No,No,2024-12-20
10040,Male,33,East,Month-to-Month,DSL,Credit Card,15,43.98,661.04,3.0,0,No,No,2025-06-11
10041,Male,29,West,One Year,No Internet,Bank Transfer,10,69.78,723.0,3.0,0,No,No,2022-02-10
10042,Male,19,West,Month-to-Month,Fiber Optic,Credit Card,53,98.66,5083.71,3.0,0,No,Yes,2022-05-21
10043,Male,58,West,Month-to-Month,Fiber Optic,Credit Card,48,68.89,3373.59,1.0,1,No,No,2020-05-07
10044,Female,41,East,One Year,Fiber Optic,Electronic Check,31,37.17,1192.64,1.0,2,No,No,2025-04-03
10045,Male,52,East,Month-to-Month,DSL,Bank Transfer,37,75.16,2621.93,2.0,0,No,Yes,2020-04-15
10046,Female,73,South,Month-to-Month,Fiber Optic,Electronic Check,28,56.58,1493.01,4.0,1,Yes,No,2023-12-10
10047,Male,47,West,Month-to-Month,Fiber Optic,Mailed Check,31,67.16,2153.96,2.0,1,No,No,2023-11-07
10048,Male,74,West,One Year,Fiber Optic,Bank Transfer,70,98.73,6835.67,0.0,2,Yes,No,2024-02-13
10049,Female,47,South,One Year,DSL,Mailed Check,14,57.3,852.15,1.0,4,No,No,2022-09-27
10050,Male,64,South,Month-to-Month,Fiber Optic,Credit Card,16,83.47,1295.33,3.0,0,Yes,Yes,2021-01-18
10051,Female,52,East,Two Year,DSL,Electronic Check,25,103.33,2394.13,1.0,2,No,No,2022-09-28
10052,Female,36,North,Two Year,Fiber Optic,Mailed Check,39,73.2,2923.26,1.0,0,No,No,2020-01-17
10053,Female,67,West,One Year,DSL,Electronic Check,66,122.53,8325.37,3.0,2,Yes,No,2023-10-25
10054,Female,25,South,One Year,No Internet,Electronic Check,38,90.5,3468.49,5.0,3,No,Yes,2025-02-14
10055,Female,43,North,Month-to-Month,Fiber Optic,Electronic Check,41,63.72,2689.15,1.0,1,No,No,2022-12-25
10056,Female,66,North,One Year,Fiber Optic,Mailed Check,40,75.09,3015.02,2.0,1,Yes,No,2022-06-04
10057,Male,57,West,Month-to-Month,DSL,Bank Transfer,64,40.43,2667.27,3.0,1,No,No,2023-02-10
10058,Male,24,South,Month-to-Month,Fiber Optic,Credit Card,16,102.94,1526.86,1.0,0,No,Yes,2023-12-10
10059,Male,47,East,Two Year,Fiber Optic,Bank Transfer,59,115.11,6648.49,2.0,1,No,No,2020-03-11
10060,Male,24,East,One Year,No Internet,Credit Card,11,63.04,661.36,1.0,0,No,No,2025-05-02
10061,Male,20,West,Month-to-Month,No Internet,Bank Transfer,1,25.47,23.84,2.0,0,No,No,2021-03-19
10062,Male,18,East,Month-to-Month,DSL,Credit Card,13,81.01,1008.32,3.0,2,No,No,2023-10-25
10063,Female,53,East,One Year,Fiber Optic,,30,65.45,1866.52,2.0,1,No,No,2021-12-21
10064,Male,42,South,Month-to-Month,Fiber Optic,Electronic Check,69,69.23,5138.48,1.0,3,No,No,2020-08-18
10065,Male,54,South,Month-to-Month,Fiber Optic,Electronic Check,18,94.79,1647.95,3.0,2,No,Yes,2022-05-13
10066,Female,18,West,Month-to-Month,DSL,Credit Card,13,102.8,1278.87,2.0,1,No,No,2021-07-16
10067,Male,32,East,Month-to-Month,DSL,Credit Card,32,90.49,3050.83,1.0,0,No,No,2022-02-07
10068,Female,54,East,One Year,No Internet,Bank Transfer,71,82.74,5798.52,5.0,1,No,No,2020-10-16
10069,Male,30,East,Month-to-Month,Fiber Optic,Credit Card,72,83.07,5905.89,3.0,0,No,No,2023-05-26
10070,Female,57,East,One Year,DSL,Electronic Check,50,38.99,1931.9,2.0,6,No,No,2025-11-17
10071,Female,25,South,Month-to-Month,Fiber Optic,Credit Card,71,95.7,6703.96,1.0,0,No,No,2021-01-29
10072,Male,22,East,One Year,Fiber Optic,Credit Card,31,104.94,3162.87,3.0,1,No,Yes,2021-01-10
10073,Male,26,West,Two Year,DSL,Electronic Check,51,52.12,2567.25,1.0,3,No,No,2025-11-19
10074,Female,18,East,One Year,Fiber Optic,Credit Card,27,77.84,2230.12,2.0,2,No,No,2024-07-08
10075,Female,53,South,Two Year,DSL,Electronic Check,60,94.75,5377.29,1.0,1,No,No,2022-02-20
10076,Female,52,North,Two Year,DSL,Credit Card,33,57.19,1790.96,2.0,1,No,No,2025-11-09
10077,Female,19,South,Month-to-Month,No Internet,Electronic Check,53,65.24,3497.4,1.0,0,No,No,2025-05-28
10078,Male,57,South,One Year,DSL,Mailed Check,72,69.79,4899.18,2.0,0,No,No,2021-02-09
10079,Male,40,West,Two Year,DSL,Bank Transfer,33,83.64,2725.47,3.0,0,No,No,2025-08-30
10080,Male,26,East,Month-to-Month,DSL,Electronic Check,41,79.33,3412.06,2.0,1,No,Yes,2023-12-02
10081,Female,51,North,Month-to-Month,Fiber Optic,Bank Transfer,19,92.48,1870.6,1.0,3,No,Yes,2025-08-28
10082,Female,63,West,Two Year,Fiber Optic,Bank Transfer,41,119.95,5146.58,4.0,1,Yes,No,2024-04-08
10083,Male,31,North,One Year,DSL,Credit Card,42,61.76,2483.91,3.0,0,No,No,2020-10-27
10084,Male,21,East,Month-to-Month,DSL,Bank Transfer,23,48.24,1194.73,0.0,1,No,Yes,2025-03-14
10085,Male,47,East,Month-to-Month,DSL,Electronic Check,33,97.55,3148.68,1.0,1,No,Yes,2021-02-16
10086,Male,48,North,One Year,Fiber Optic,Bank Transfer,20,92.77,1757.16,0.0,0,No,No,2025-07-27
10087,Female,55,North,One Year,Fiber Optic,Credit Card,25,72.27,1806.6,1.0,0,No,No,2025-12-26
10088,Female,28,South,One Year,Fiber Optic,Electronic Check,52,78.0,4202.2,2.0,2,No,No,2024-12-20
10089,Female,52,East,One Year,DSL,Credit Card,12,40.15,449.68,4.0,2,No,No,2025-09-02
10090,Male,25,West,One Year,DSL,Mailed Check,32,77.79,2542.76,1.0,0,No,No,2025-08-21
10091,Male,20,East,One Year,DSL,Bank Transfer,33,35.46,1237.22,2.0,0,No,No,2025-12-22
10092,Female,31,East,One Year,Fiber Optic,Credit Card,68,104.05,6805.72,4.0,3,No,No,2025-10-29
10093,Female,30,West,One Year,Fiber Optic,Electronic Check,15,73.94,1143.37,2.0,0,No,No,2023-10-10
10094,Female,62,East,One Year,DSL,Credit Card,51,37.15,1864.31,2.0,0,Yes,No,2022-12-29
10095,Female,49,East,Month-to-Month,DSL,Electronic Check,6,99.43,588.38,2.0,3,No,No,2023-05-12
10096,Male,51,West,Month-to-Month,Fiber Optic,Electronic Check,69,143.41,9548.26,6.0,1,No,Yes,2021-08-13
10097,Male,62,East,Two Year,DSL,Credit Card,69,77.93,5484.19,2.0,0,Yes,No,2021-12-11
10098,Male,36,East,Month-to-Month,Fiber Optic,Mailed Check,35,79.86,2732.94,3.0,1,No,Yes,2022-03-07
10099,Male,55,East,Month-to-Month,DSL,Bank Transfer,34,48.0,1718.41,4.0,0,No,Yes,2024-05-30
10100,Male,33,East,Month-to-Month,No Internet,Electronic Check,63,78.55,5315.17,4.0,1,No,No,2021-12-31
10101,Male,19,East,Two Year,DSL,Credit Card,68,82.92,6031.08,2.0,1,No,No,2025-02-02
10102,Female,57,North,Month-to-Month,DSL,Mailed Check,18,72.17,1229.04,4.0,1,No,No,2025-09-27
10103,Male,34,East,Month-to-Month,Fiber Optic,Bank Transfer,26,109.39,2623.07,4.0,2,No,Yes,2021-09-01
10104,Male,72,East,Month-to-Month,DSL,Bank Transfer,61,109.85,6634.88,0.0,1,Yes,No,2024-01-07
10105,Female,51,West,One Year,DSL,Mailed Check,48,40.51,2015.69,3.0,0,No,No,2024-04-07
10106,Male,59,North,Month-to-Month,DSL,Bank Transfer,72,79.35,6149.65,4.0,1,No,No,2023-03-07
10107,Male,33,South,Month-to-Month,DSL,Electronic Check,31,24.42,791.35,2.0,1,No,No,2020-08-17
10108,Female,55,South,Month-to-Month,Fiber Optic,Credit Card,34,66.65,2295.31,1.0,1,No,No,2023-11-29
10109,Male,19,North,Two Year,No Internet,Mailed Check,7,85.0,549.91,2.0,0,No,No,2020-12-22
10110,Male,19,West,Month-to-Month,DSL,Credit Card,7,70.83,521.64,1.0,1,No,No,2021-06-24
10111,Male,43,North,Month-to-Month,Fiber Optic,Electronic Check,47,46.73,2082.86,3.0,2,No,No,2022-07-24
10112,Male,30,North,One Year,DSL,Credit Card,8,98.25,730.11,1.0,1,No,No,2024-06-22
10113,Female,73,East,Two Year,Fiber Optic,Bank Transfer,1,68.42,72.26,2.0,0,Yes,No,2021-06-10
10114,Female,64,East,One Year,Fiber Optic,Mailed Check,3,108.27,328.25,3.0,2,Yes,Yes,2023-02-02
10115,Female,48,West,Two Year,Fiber Optic,Electronic Check,53,94.82,4726.79,2.0,3,No,No,2021-09-14
10116,Female,51,South,Two Year,DSL,Credit Card,38,46.17,1722.61,1.0,0,No,No,2021-02-27
10117,Female,56,North,Month-to-Month,No Internet,Mailed Check,51,93.72,4462.76,3.0,0,No,No,2025-03-13
10118,Male,20,North,One Year,DSL,Credit Card,15,79.97,1226.04,1.0,0,No,No,2025-02-21
10119,Female,25,West,Month-to-Month,DSL,Electronic Check,67,76.38,4939.31,1.0,3,No,No,2020-01-04
10120,Female,40,West,One Year,Fiber Optic,Mailed Check,64,75.3,5101.48,2.0,0,No,No,2021-04-13
10121,Female,31,East,Month-to-Month,Fiber Optic,Credit Card,68,59.43,3949.29,5.0,1,No,No,2021-10-25
10122,Female,73,East,Month-to-Month,Fiber Optic,Credit Card,5,76.53,382.32,5.0,1,Yes,No,2021-06-21
10123,Male,72,South,Two Year,DSL,Bank Transfer,10,55.99,520.8,2.0,1,Yes,Yes,2025-03-12
10124,Male,44,North,Month-to-Month,No Internet,Electronic Check,8,93.29,719.52,1.0,2,No,Yes,2023-01-01
10125,Male,71,West,Two Year,Fiber Optic,Mailed Check,12,40.78,503.2,5.0,2,Yes,Yes,2025-06-08
10126,Male,46,South,Month-to-Month,DSL,Credit Card,64,108.77,7224.43,2.0,0,No,No,2025-10-16
10127,Female,56,East,Month-to-Month,No Internet,Credit Card,59,110.14,6230.87,3.0,1,No,No,2025-03-05
10128,Female,70,South,Two Year,Fiber Optic,Electronic Check,67,65.97,4422.69,4.0,1,Yes,No,2023-09-19
10129,Male,56,West,One Year,DSL,Credit Card,50,107.04,5623.91,0.0,0,No,No,2025-11-02
10130,Male,18,West,One Year,DSL,Bank Transfer,23,46.86,1057.07,1.0,2,No,No,2024-02-28
10131,Male,34,West,Month-to-Month,DSL,Bank Transfer,40,100.18,3772.39,1.0,0,No,No,2020-03-19
10132,Male,58,East,One Year,Fiber Optic,Mailed Check,18,66.51,1184.13,1.0,0,No,No,2024-04-23
10133,Male,47,East,One Year,DSL,Credit Card,21,97.84,2087.72,0.0,0,No,No,2025-08-29
10134,Male,70,North,One Year,DSL,Bank Transfer,1,36.07,33.23,1.0,0,Yes,No,2024-05-24
10135,Female,30,South,Month-to-Month,Fiber Optic,Credit Card,38,114.07,4229.63,2.0,0,No,No,2020-06-04
10136,Male,38,South,Two Year,DSL,Bank Transfer,41,99.21,4137.53,1.0,1,No,No,2022-05-29
10137,Male,36,East,One Year,Fiber Optic,Bank Transfer,42,50.26,2263.55,0.0,1,No,No,2024-01-13
10138,Female,70,North,Two Year,No Internet,Credit Card,9,110.93,983.76,3.0,1,Yes,Yes,2020-01-28
10139,Male,36,East,One Year,DSL,Electronic Check,23,97.46,2120.7,2.0,3,No,No,2025-03-25
10140,Female,74,East,One Year,DSL,Electronic Check,11,22.05,243.88,0.0,0,Yes,No,2021-09-01
10141,Female,42,North,Month-to-Month,Fiber Optic,Credit Card,71,74.75,5125.32,2.0,3,No,No,2022-08-31
10142,Male,39,North,Month-to-Month,Fiber Optic,Mailed Check,31,112.94,3341.36,4.0,0,No,No,2023-09-14
10143,Male,48,East,Two Year,Fiber Optic,Electronic Check,26,100.08,2639.72,1.0,1,No,No,2021-02-22
10144,Male,34,East,Month-to-Month,Fiber Optic,Electronic Check,30,89.79,2872.94,1.0,3,No,Yes,2020-01-22
10145,Male,72,South,Month-to-Month,Fiber Optic,Electronic Check,34,110.2,3947.76,3.0,3,Yes,Yes,2020-09-17
10146,Male,40,East,Month-to-Month,DSL,Bank Transfer,46,50.15,2189.63,2.0,1,No,No,2025-10-08
10147,Female,49,West,Month-to-Month,Fiber Optic,Credit Card,69,88.18,6343.26,5.0,2,No,No,2023-12-07
10148,Male,27,West,Two Year,DSL,Electronic Check,5,45.86,219.39,1.0,1,No,No,2020-07-14
10149,Male,27,East,Two Year,Fiber Optic,Credit Card,61,85.37,5033.18,2.0,0,No,No,2022-12-04
10150,Male,53,East,Month-to-Month,DSL,Bank Transfer,38,97.03,3934.95,4.0,1,No,No,2022-06-23
10151,Female,25,West,Month-to-Month,DSL,Credit Card,28,91.54,2731.69,5.0,0,No,No,2020-11-20
10152,Male,71,South,One Year,DSL,Bank Transfer,26,77.57,1909.89,2.0,1,Yes,No,2021-07-21
10153,Male,69,West,One Year,No Internet,Electronic Check,61,96.74,5489.66,0.0,2,Yes,No,2025-03-17
10154,Male,37,North,Two Year,Fiber Optic,Credit Card,23,109.2,2428.46,1.0,1,No,Yes,2022-02-17
10155,Female,49,South,One Year,Fiber Optic,Electronic Check,46,131.93,6148.18,1.0,2,No,No,2022-07-14
10156,Male,67,South,Month-to-Month,Fiber Optic,Electronic Check,30,116.19,3695.9,2.0,4,Yes,Yes,2025-12-02
10157,Female,31,West,Month-to-Month,Fiber Optic,Credit Card,67,103.41,6505.93,2.0,5,No,No,2025-12-02
10158,Female,67,West,Two Year,DSL,Electronic Check,33,90.35,2940.98,2.0,1,Yes,No,2024-06-03
10159,Male,45,North,One Year,DSL,Bank Transfer,3,78.09,225.71,3.0,0,No,No,2025-01-23
10160,Female,63,North,One Year,DSL,Electronic Check,69,65.0,4136.91,3.0,1,Yes,No,2025-04-27
10161,Male,69,West,Month-to-Month,Fiber Optic,Electronic Check,42,108.69,4775.66,3.0,0,Yes,Yes,2020-02-11
10162,Female,70,North,One Year,No Internet,Mailed Check,62,90.93,5920.25,1.0,1,Yes,No,2024-01-23
10163,Female,41,East,One Year,No Internet,Credit Card,58,79.3,4394.25,1.0,0,No,No,2021-07-27
10164,Female,32,West,Month-to-Month,Fiber Optic,Bank Transfer,57,82.14,4420.72,2.0,2,No,No,2024-12-25
10165,Male,39,East,Month-to-Month,Fiber Optic,Bank Transfer,1,80.75,76.16,1.0,0,No,Yes,2024-01-13
10166,Female,47,East,Month-to-Month,No Internet,Credit Card,60,61.78,3685.42,2.0,0,No,No,2021-03-16
10167,Male,21,East,Month-to-Month,No Internet,Bank Transfer,69,103.39,6844.55,2.0,0,No,No,2023-04-27
10168,Male,30,North,Month-to-Month,Fiber Optic,Credit Card,59,116.46,6883.62,2.0,0,No,No,2020-04-13
10169,Male,40,West,Month-to-Month,Fiber Optic,Electronic Check,46,115.39,5210.15,1.0,3,No,Yes,2021-07-22
10170,Female,25,East,One Year,No Internet,Electronic Check,34,45.7,1481.93,3.0,1,No,Yes,2021-04-01
10171,Female,35,West,Month-to-Month,DSL,Credit Card,25,63.02,1638.82,4.0,0,No,No,2020-11-06
10172,Male,29,West,Month-to-Month,Fiber Optic,Electronic Check,42,80.57,3194.64,3.0,2,No,No,2025-03-22
10173,Male,72,East,Two Year,DSL,Electronic Check,29,51.85,1575.56,1.0,2,Yes,No,2024-09-03
10174,Male,48,North,One Year,No Internet,Electronic Check,25,118.56,2993.14,2.0,0,No,No,2024-08-18
10175,Female,31,South,One Year,DSL,Electronic Check,54,82.01,4663.81,1.0,1,No,No,2021-02-10
10176,Male,51,South,Month-to-Month,DSL,Electronic Check,67,80.22,4948.85,2.0,0,No,No,2021-08-03
10177,Female,35,North,One Year,DSL,Electronic Check,15,60.35,941.34,2.0,0,No,No,2025-07-08
10178,Male,73,West,Month-to-Month,Fiber Optic,Electronic Check,4,108.55,403.04,3.0,1,Yes,Yes,2022-12-17
10179,Female,51,East,Two Year,No Internet,Credit Card,38,121.79,4961.31,4.0,0,No,No,2025-02-03
10180,Male,28,East,Month-to-Month,Fiber Optic,Credit Card,20,89.02,1838.15,3.0,2,No,Yes,2020-07-05
10181,Male,58,East,One Year,No Internet,Electronic Check,23,66.16,1477.9,1.0,0,No,No,2024-06-10
10182,Male,29,South,Month-to-Month,Fiber Optic,Mailed Check,37,84.74,3045.01,4.0,3,No,No,2024-03-01
10183,Female,66,East,One Year,No Internet,Bank Transfer,62,63.95,4194.22,4.0,1,Yes,No,2025-03-05
10184,Female,32,East,One Year,Fiber Optic,Credit Card,8,86.93,740.26,2.0,1,No,No,2021-05-04
10185,Male,74,South,Month-to-Month,DSL,Bank Transfer,37,56.71,2229.73,4.0,0,Yes,No,2020-10-06
10186,Female,48,South,Month-to-Month,Fiber Optic,Credit Card,45,64.84,3061.93,2.0,0,No,No,2022-05-04
10187,Female,66,South,One Year,DSL,Electronic Check,33,71.47,2478.9,2.0,1,Yes,No,2025-02-01
10188,Female,75,East,Two Year,No Internet,Mailed Check,7,69.03,488.84,1.0,0,Yes,No,2023-04-02
10189,Male,46,East,Two Year,DSL,Electronic Check,22,60.17,1223.82,1.0,1,No,No,2022-10-01
10190,Male,43,West,Month-to-Month,DSL,Mailed Check,5,108.42,506.26,3.0,1,No,Yes,2021-02-01
10191,Male,35,East,Month-to-Month,Fiber Optic,Credit Card,15,97.39,1495.81,4.0,2,No,No,2021-03-03
10192,Female,49,East,Two Year,No Internet,Electronic Check,21,85.56,1768.35,2.0,0,No,No,2021-01-09
10193,Female,39,West,Month-to-Month,DSL,Credit Card,17,91.23,1567.61,2.0,1,No,No,2021-09-23
10194,Female,55,South,One Year,DSL,Credit Card,56,74.62,3998.92,2.0,0,No,No,2021-11-27
10195,Male,34,West,Two Year,DSL,Electronic Check,50,72.47,3710.13,0.0,1,No,No,2023-12-17
10196,Male,40,North,Two Year,DSL,Credit Card,7,45.5,305.39,0.0,0,No,No,2022-07-16
10197,Female,41,North,Month-to-Month,Fiber Optic,Bank Transfer,50,103.4,5137.58,3.0,3,No,No,2025-06-10
10198,Female,67,East,Month-to-Month,DSL,,60,63.67,3807.19,3.0,3,Yes,No,2025-07-20
10199,Female,25,North,Month-to-Month,DSL,Electronic Check,7,56.01,371.85,2.0,0,No,No,2024-07-23
10200,Female,58,East,One Year,No Internet,Electronic Check,40,104.55,4433.73,1.0,3,No,No,2020-03-18
10201,Female,23,East,Month-to-Month,DSL,Mailed Check,45,38.69,1748.24,2.0,1,No,No,2021-05-02
10202,Male,22,North,Month-to-Month,Fiber Optic,Credit Card,59,129.98,8118.87,3.0,0,No,Yes,2022-11-27
10203,Male,61,East,Month-to-Month,Fiber Optic,Credit Card,55,128.0,6772.52,2.0,1,Yes,No,2020-06-19
10204,Female,74,South,Month-to-Month,Fiber Optic,Mailed Check,64,81.44,4938.91,2.0,1,Yes,Yes,2021-10-03
10205,Female,46,East,One Year,Fiber Optic,Electronic Check,65,131.63,7896.14,2.0,0,No,No,2024-08-26
10206,Male,45,North,One Year,DSL,Credit Card,54,49.79,2513.95,0.0,1,No,No,2024-05-24
10207,Male,28,West,Month-to-Month,No Internet,Bank Transfer,40,96.85,3655.49,3.0,1,No,No,2020-10-18
10208,Female,74,East,Month-to-Month,Fiber Optic,Bank Transfer,53,87.42,4321.06,2.0,0,Yes,No,2025-04-25
10209,Male,18,East,Two Year,Fiber Optic,Electronic Check,44,36.84,1723.89,0.0,1,No,No,2021-08-03
10210,Male,60,North,Month-to-Month,No Internet,Electronic Check,63,56.22,3775.02,1.0,1,Yes,No,2021-02-25
10211,Female,36,South,One Year,DSL,Bank Transfer,2,67.64,144.75,2.0,0,No,No,2020-04-14
10212,Female,26,South,Two Year,DSL,Electronic Check,21,86.48,1949.7,2.0,2,No,No,2023-11-30
10213,Female,44,West,Month-to-Month,DSL,Mailed Check,50,60.07,2999.58,1.0,3,No,No,2022-05-29
10214,Male,51,South,One Year,DSL,Electronic Check,52,65.17,3405.12,3.0,1,No,No,2024-01-22
10215,Female,61,North,Two Year,Fiber Optic,Electronic Check,9,95.52,808.9,1.0,2,Yes,No,2023-02-03
10216,Male,21,North,Month-to-Month,Fiber Optic,Electronic Check,20,99.2,1868.79,1.0,0,No,Yes,2025-02-27
10217,Male,53,West,One Year,Fiber Optic,Bank Transfer,18,84.71,1591.32,4.0,0,No,No,2020-11-10
10218,Female,35,North,Month-to-Month,Fiber Optic,Mailed Check,30,79.43,2518.53,2.0,0,No,No,2021-08-31
10219,Female,32,South,Month-to-Month,No Internet,Bank Transfer,65,95.48,6488.92,2.0,0,No,Yes,2025-10-20
10220,Female,68,West,Two Year,DSL,Mailed Check,24,59.29,1499.13,2.0,1,Yes,No,2021-01-12
10221,Female,30,South,Two Year,Fiber Optic,Electronic Check,47,52.27,2368.87,0.0,2,No,No,2024-02-28
10222,Female,36,North,One Year,DSL,Electronic Check,44,62.14,2719.31,0.0,0,No,No,2020-05-13
10223,Male,66,East,Month-to-Month,Fiber Optic,Bank Transfer,29,100.67,2900.37,1.0,0,Yes,No,2024-12-21
10224,Male,23,East,Month-to-Month,DSL,Mailed Check,68,68.27,5010.25,3.0,1,No,No,2021-01-27
10225,Male,65,West,One Year,DSL,Bank Transfer,17,59.43,1082.92,0.0,1,Yes,Yes,2021-02-18
10226,Male,73,North,Month-to-Month,Fiber Optic,Bank Transfer,5,55.63,282.53,4.0,1,Yes,No,2023-02-10
10227,Female,29,South,One Year,Fiber Optic,Credit Card,50,83.4,3928.46,4.0,0,No,No,2025-10-13
10228,Male,68,East,One Year,DSL,Electronic Check,40,77.7,2987.95,2.0,2,Yes,No,2024-10-17
10229,Female,54,South,One Year,DSL,Mailed Check,46,46.82,2106.77,0.0,1,No,No,2022-05-15
10230,Female,34,South,One Year,Fiber Optic,Electronic Check,51,82.27,4446.32,1.0,1,No,No,2020-10-16
10231,Female,75,East,Month-to-Month,DSL,Credit Card,11,44.65,465.27,5.0,0,Yes,No,2024-02-15
10232,Male,40,South,Month-to-Month,DSL,Bank Transfer,12,68.78,788.35,3.0,0,No,No,2025-04-16
10233,Female,43,South,Month-to-Month,Fiber Optic,Electronic Check,13,130.14,1651.05,2.0,3,No,Yes,2023-08-31
10234,Male,46,North,One Year,Fiber Optic,Bank Transfer,64,91.29,6241.64,2.0,1,No,No,2022-05-27
10235,Male,50,South,One Year,Fiber Optic,Electronic Check,8,47.46,379.91,3.0,0,No,No,2025-06-07
10236,Female,44,South,One Year,No Internet,Bank Transfer,65,80.28,5340.8,2.0,1,No,No,2022-01-21
10237,Male,42,North,One Year,No Internet,Credit Card,9,104.8,926.18,0.0,0,No,No,2022-01-18
10238,Male,73,West,Two Year,No Internet,Credit Card,2,32.4,61.57,1.0,1,Yes,No,2020-12-30
10239,Female,72,South,Month-to-Month,DSL,Credit Card,13,45.86,569.74,3.0,1,Yes,Yes,2020-09-23
10240,Male,27,North,Month-to-Month,DSL,Electronic Check,2,78.46,164.52,4.0,3,No,Yes,2021-02-09
10241,Female,64,North,Month-to-Month,DSL,Credit Card,68,69.82,5046.67,0.0,1,Yes,No,2020-05-18
10242,Female,40,East,One Year,No Internet,Credit Card,48,102.28,4904.0,0.0,2,No,No,2023-04-03
10243,Female,38,South,Month-to-Month,Fiber Optic,Credit Card,3,82.48,241.78,1.0,1,No,Yes,2024-12-22
10244,Male,38,East,Two Year,DSL,Electronic Check,68,87.64,6253.05,0.0,0,No,No,2024-09-16
10245,Male,60,South,One Year,DSL,Electronic Check,6,110.2,679.51,2.0,3,Yes,No,2023-12-04
10246,Female,30,West,Two Year,DSL,Electronic Check,5,45.31,209.91,2.0,3,No,No,2022-05-20
10247,Male,54,East,Two Year,Fiber Optic,Bank Transfer,3,100.69,294.86,1.0,1,No,No,2021-12-03
10248,Female,50,West,Month-to-Month,DSL,Electronic Check,10,61.98,637.87,3.0,1,No,Yes,2024-08-25
10249,Female,41,East,Month-to-Month,DSL,Mailed Check,43,20.0,870.14,6.0,2,No,No,2020-07-19
10250,Female,61,North,One Year,Fiber Optic,Bank Transfer,19,98.91,2023.04,1.0,2,Yes,No,2021-09-09
10251,Male,28,South,Month-to-Month,DSL,Bank Transfer,14,86.99,1289.2,5.0,2,No,No,2025-07-06
10252,Male,34,South,Month-to-Month,Fiber Optic,Bank Transfer,21,48.27,942.27,4.0,0,No,Yes,2022-05-06
10253,Female,21,East,One Year,No Internet,Electronic Check,43,60.65,2702.16,2.0,1,No,No,2024-10-18
10254,Male,64,East,Month-to-Month,DSL,Bank Transfer,28,56.42,1538.39,2.0,3,Yes,No,2025-07-02
10255,Male,42,South,One Year,DSL,Credit Card,21,92.25,1993.69,1.0,1,No,No,2020-03-04
10256,Female,47,South,One Year,Fiber Optic,Mailed Check,36,48.27,1770.31,2.0,0,No,No,2023-01-24
10257,Female,26,West,Month-to-Month,Fiber Optic,Mailed Check,24,89.67,2153.13,2.0,1,No,No,2023-09-25
10258,Female,38,West,Month-to-Month,DSL,Electronic Check,54,20.0,1140.99,3.0,0,No,No,2024-09-07
10259,Female,37,West,Month-to-Month,Fiber Optic,Credit Card,38,96.49,3789.05,1.0,0,No,No,2020-09-07
10260,Male,36,South,One Year,DSL,Credit Card,17,75.13,1356.82,2.0,2,No,No,2024-09-25
10261,Female,36,North,Month-to-Month,Fiber Optic,Bank Transfer,22,74.23,1576.0,3.0,1,No,Yes,2020-02-08
10262,Female,29,East,Two Year,No Internet,Electronic Check,45,102.71,4509.64,3.0,0,No,No,2020-03-09
10263,Male,54,West,Month-to-Month,DSL,Electronic Check,61,20.0,1243.8,1.0,1,No,No,2020-10-03
10264,Male,59,South,Month-to-Month,Fiber Optic,Credit Card,11,86.55,1023.11,1.0,2,No,Yes,2023-01-14
10265,Female,34,East,Month-to-Month,DSL,Credit Card,61,101.94,6090.57,4.0,0,No,No,2023-01-20
10266,Female,54,West,Month-to-Month,DSL,Mailed Check,38,75.22,2644.46,6.0,1,No,Yes,2023-12-14
10267,Female,71,North,Month-to-Month,DSL,Bank Transfer,66,106.15,6945.24,4.0,1,Yes,No,2025-10-29
10268,Female,65,East,One Year,Fiber Optic,Credit Card,33,75.74,2516.99,2.0,1,Yes,No,2020-12-06
10269,Male,56,East,One Year,DSL,Electronic Check,43,67.82,3056.7,1.0,1,No,No,2021-02-24
10270,Male,45,South,Month-to-Month,Fiber Optic,Electronic Check,31,117.83,3786.33,6.0,1,No,No,2025-04-02
10271,Female,58,South,Month-to-Month,Fiber Optic,Credit Card,35,109.36,4112.17,2.0,0,No,Yes,2021-04-17
10272,Female,52,South,One Year,Fiber Optic,Bank Transfer,37,146.98,5684.23,2.0,1,No,No,2025-11-05
10273,Female,64,South,One Year,DSL,Credit Card,47,74.57,3391.87,0.0,0,Yes,No,2025-01-07
10274,Female,65,North,Month-to-Month,Fiber Optic,Credit Card,23,92.01,2164.1,4.0,1,Yes,Yes,2022-05-16
10275,Male,35,South,Two Year,No Internet,Mailed Check,36,55.46,2051.58,3.0,0,No,No,2024-07-27
10276,Male,31,West,Month-to-Month,Fiber Optic,Mailed Check,40,81.9,3537.04,1.0,0,No,No,2022-09-07
10277,Female,52,North,One Year,Fiber Optic,Electronic Check,15,113.95,1610.45,5.0,5,No,Yes,2025-12-23
10278,Female,61,South,Month-to-Month,DSL,Electronic Check,37,71.99,2532.08,3.0,3,Yes,No,2025-09-18
10279,Female,58,East,Month-to-Month,Fiber Optic,Electronic Check,4,66.82,252.55,2.0,1,No,Yes,2020-09-12
10280,Female,24,West,Two Year,DSL,Bank Transfer,22,57.6,1285.26,0.0,1,No,No,2024-06-08
10281,Female,58,West,Month-to-Month,Fiber Optic,Mailed Check,22,84.74,1755.5,3.0,2,No,Yes,2023-12-14
10282,Male,30,East,One Year,Fiber Optic,Electronic Check,17,68.44,1192.52,3.0,0,No,No,2021-06-22
10283,Male,35,East,Month-to-Month,Fiber Optic,Electronic Check,72,75.55,5703.99,2.0,4,No,No,2024-10-31
10284,Male,54,South,One Year,Fiber Optic,Mailed Check,38,62.01,2331.04,1.0,0,No,No,2024-12-28
10285,Female,30,South,Two Year,Fiber Optic,Bank Transfer,24,71.43,1730.97,1.0,0,No,No,2022-05-07
10286,Male,53,West,Month-to-Month,DSL,Mailed Check,6,101.16,647.04,2.0,0,No,Yes,2020-05-11
10287,Male,48,East,Two Year,DSL,Credit Card,68,68.21,4689.91,0.0,1,No,No,2024-06-14
10288,Female,19,East,One Year,DSL,Credit Card,6,133.53,763.83,0.0,0,No,No,2022-01-10
10289,Male,33,South,One Year,DSL,Electronic Check,26,52.9,1340.89,1.0,2,No,No,2025-07-24
10290,Female,26,West,One Year,DSL,Electronic Check,41,84.14,3466.21,3.0,1,No,No,2025-04-09
10291,Male,26,West,Two Year,No Internet,Credit Card,38,72.56,2605.03,2.0,1,No,Yes,2025-06-24
10292,Male,55,West,Month-to-Month,Fiber Optic,Credit Card,43,103.26,4520.12,3.0,1,No,No,2020-10-08
10293,Female,28,West,Month-to-Month,Fiber Optic,Electronic Check,53,71.85,4112.23,0.0,1,No,No,2023-10-30
10294,Male,71,West,Two Year,Fiber Optic,Mailed Check,15,72.79,1118.5,1.0,0,Yes,No,2022-06-27
10295,Male,73,South,One Year,Fiber Optic,Electronic Check,56,97.18,5330.98,1.0,1,Yes,No,2021-10-27
10296,Male,39,North,Month-to-Month,Fiber Optic,Bank Transfer,56,74.38,4053.15,1.0,4,No,No,2023-08-15
10297,Female,50,North,Month-to-Month,DSL,Electronic Check,31,27.66,916.67,0.0,5,No,No,2023-09-07
10298,Male,53,West,One Year,Fiber Optic,Bank Transfer,57,119.76,7232.09,1.0,1,No,Yes,2023-02-07
10299,Female,62,North,Month-to-Month,No Internet,Electronic Check,51,94.2,4782.95,2.0,5,Yes,No,2024-07-04
10300,Male,40,North,Month-to-Month,Fiber Optic,Bank Transfer,24,,1794.58,2.0,0,No,No,2021-04-15
10301,Male,62,East,One Year,Fiber Optic,Electronic Check,58,92.46,5543.26,2.0,0,Yes,No,2021-02-15
10302,Female,62,North,Month-to-Month,No Internet,Credit Card,4,97.17,377.14,2.0,1,Yes,No,2021-05-27
10303,Female,51,East,One Year,No Internet,Bank Transfer,10,105.61,991.79,2.0,1,No,No,2024-02-12
10304,Female,26,South,Two Year,Fiber Optic,Electronic Check,63,84.61,5168.51,5.0,3,No,No,2023-03-09
10305,Female,41,West,Month-to-Month,DSL,Electronic Check,15,57.37,851.5,1.0,3,No,Yes,2025-10-08
10306,Female,25,South,Month-to-Month,No Internet,Mailed Check,63,108.61,6574.66,2.0,0,No,No,2023-04-21
10307,Male,24,East,Month-to-Month,DSL,Mailed Check,19,74.37,1349.01,1.0,0,No,No,2021-02-22
10308,Male,53,South,Month-to-Month,Fiber Optic,Electronic Check,63,83.32,4834.38,2.0,1,No,No,2022-08-14
10309,Female,35,North,One Year,No Internet,Electronic Check,56,78.58,4492.6,3.0,4,No,No,2024-12-22
10310,Male,20,South,Month-to-Month,DSL,Electronic Check,21,100.87,2157.06,2.0,0,No,Yes,2022-04-04
10311,Male,45,West,One Year,Fiber Optic,Electronic Check,34,86.03,2779.01,3.0,2,No,No,2022-06-26
10312,Male,23,West,Month-to-Month,DSL,Mailed Check,17,96.65,1759.68,3.0,1,No,Yes,2022-01-02
10313,Male,61,South,Month-to-Month,Fiber Optic,Credit Card,18,81.79,1450.92,2.0,5,Yes,Yes,2025-04-08
10314,Female,61,East,Month-to-Month,No Internet,Credit Card,66,87.23,5320.08,3.0,1,Yes,Yes,2021-01-25
10315,Female,38,East,Month-to-Month,Fiber Optic,Mailed Check,51,63.3,3083.55,4.0,1,No,No,2024-05-06
10316,Female,45,North,Month-to-Month,No Internet,Credit Card,65,98.74,6615.33,2.0,0,No,No,2021-10-22
10317,Male,57,West,Month-to-Month,DSL,Bank Transfer,43,55.1,2256.19,3.0,0,No,No,2020-01-27
10318,Male,71,East,Two Year,Fiber Optic,Electronic Check,57,93.48,4948.05,1.0,1,Yes,No,2024-03-11
10319,Male,71,West,One Year,Fiber Optic,Credit Card,10,49.84,507.79,0.0,0,Yes,No,2022-06-02
10320,Male,18,East,Month-to-Month,DSL,Credit Card,37,72.62,2694.83,2.0,4,No,Yes,2024-12-19
10321,Female,53,South,Month-to-Month,No Internet,Electronic Check,48,76.7,3835.5,4.0,4,No,No,2020-05-06
10322,Female,38,North,Month-to-Month,Fiber Optic,Electronic Check,69,69.97,5038.53,2.0,0,No,No,2024-01-19
10323,Female,60,South,Month-to-Month,Fiber Optic,Electronic Check,56,84.26,5065.8,2.0,1,Yes,Yes,2023-11-19
10324,Male,52,South,Month-to-Month,DSL,Electronic Check,36,78.55,2627.37,1.0,1,No,Yes,2020-11-14
10325,Female,30,West,Month-to-Month,DSL,Credit Card,31,86.08,2471.65,3.0,2,No,No,2020-12-06
10326,Female,74,East,Month-to-Month,Fiber Optic,Credit Card,55,89.5,5306.22,3.0,0,Yes,No,2021-11-24
10327,Female,66,East,Month-to-Month,DSL,Credit Card,38,105.31,4094.52,0.0,0,Yes,No,2020-04-28
10328,Female,71,West,Month-to-Month,DSL,Electronic Check,15,100.96,1566.59,3.0,2,Yes,Yes,2022-02-16
10329,Male,71,South,Month-to-Month,Fiber Optic,Bank Transfer,16,86.23,1290.6,4.0,0,Yes,No,2023-10-23
10330,Male,27,West,One Year,Fiber Optic,Electronic Check,53,53.74,2652.18,3.0,1,No,No,2021-01-19
10331,Male,70,East,Month-to-Month,Fiber Optic,Credit Card,56,74.82,3962.16,5.0,1,Yes,Yes,2025-06-28
10332,Female,61,West,Month-to-Month,DSL,Bank Transfer,7,20.0,138.37,0.0,1,Yes,Yes,2024-05-24
10333,Male,64,North,One Year,DSL,Electronic Check,57,67.42,3603.25,1.0,1,Yes,No,2023-03-27
10334,Male,70,North,Two Year,DSL,Bank Transfer,55,102.04,5564.01,4.0,1,Yes,No,2024-06-21
10335,Male,27,East,Two Year,Fiber Optic,Bank Transfer,52,101.78,5344.67,1.0,1,No,No,2024-10-06
10336,Male,63,South,One Year,Fiber Optic,Electronic Check,4,89.09,327.87,2.0,0,Yes,Yes,2020-03-26
10337,Female,30,North,Month-to-Month,No Internet,Electronic Check,43,53.81,2171.02,3.0,0,No,Yes,2025-04-09
10338,Female,54,East,One Year,Fiber Optic,Mailed Check,40,90.06,3530.46,4.0,0,No,Yes,2023-01-13
10339,Male,55,South,One Year,DSL,Electronic Check,30,125.28,3489.8,1.0,0,No,No,2020-12-24
10340,Male,41,East,Month-to-Month,DSL,Bank Transfer,10,109.19,1027.88,3.0,0,No,Yes,2025-04-10
10341,Male,19,South,One Year,Fiber Optic,Credit Card,7,83.24,557.68,0.0,0,No,No,2025-05-27
10342,Male,39,South,Two Year,Fiber Optic,Electronic Check,36,44.95,1599.97,2.0,2,No,No,2021-03-22
10343,Male,34,North,Month-to-Month,Fiber Optic,Electronic Check,35,142.2,5148.08,3.0,2,No,No,2025-04-09
10344,Male,53,South,Month-to-Month,Fiber Optic,Credit Card,39,68.78,2524.77,3.0,3,No,No,2025-06-21
10345,Male,31,West,Month-to-Month,DSL,Credit Card,36,85.25,3185.85,,1,No,No,2023-08-19
10346,Female,27,South,Month-to-Month,Fiber Optic,Bank Transfer,20,48.03,1015.17,2.0,0,No,Yes,2022-12-14
10347,Female,52,West,Month-to-Month,Fiber Optic,Mailed Check,49,78.92,3960.8,3.0,1,No,No,2020-10-31
10348,Male,42,North,One Year,DSL,Bank Transfer,59,32.93,1801.03,3.0,1,No,No,2025-05-30
10349,Male,20,South,One Year,Fiber Optic,Electronic Check,49,57.95,2812.59,0.0,0,No,No,2021-06-17
10350,Female,64,South,Month-to-Month,DSL,Mailed Check,26,48.88,1303.43,5.0,1,Yes,No,2025-09-13
10351,Male,55,South,Two Year,Fiber Optic,Bank Transfer,36,93.93,3640.37,0.0,0,No,No,2024-04-12
10352,Female,34,West,Month-to-Month,Fiber Optic,Mailed Check,43,84.6,3900.77,1.0,1,No,No,2023-03-09
10353,Female,29,South,Month-to-Month,Fiber Optic,Credit Card,43,154.81,6545.74,1.0,1,No,Yes,2022-10-11
10354,Male,71,North,One Year,Fiber Optic,Bank Transfer,33,115.34,3876.82,2.0,0,Yes,No,2021-10-02
10355,Male,69,South,One Year,No Internet,Credit Card,45,100.89,4823.94,3.0,0,Yes,No,2023-01-28
10356,Female,41,North,One Year,DSL,Electronic Check,45,84.59,4008.17,2.0,0,No,No,2022-01-28
10357,Male,46,West,Two Year,Fiber Optic,Mailed Check,15,88.9,1329.11,2.0,1,No,Yes,2025-03-07
10358,Female,60,West,One Year,Fiber Optic,Electronic Check,17,116.73,1908.6,2.0,1,Yes,No,2020-10-10
10359,Female,42,North,Two Year,Fiber Optic,Electronic Check,12,22.47,253.98,2.0,2,No,No,2020-04-22
10360,Female,53,South,Month-to-Month,Fiber Optic,Mailed Check,22,71.44,1568.66,2.0,0,No,Yes,2020-07-15
10361,Male,75,West,One Year,Fiber Optic,Electronic Check,23,52.99,1262.23,1.0,1,Yes,No,2023-04-02
10362,Female,43,North,Two Year,DSL,Mailed Check,12,20.0,258.04,0.0,1,No,No,2022-06-11
10363,Male,55,West,One Year,No Internet,Bank Transfer,68,52.78,3796.81,1.0,0,No,No,2022-04-01
10364,Female,18,South,Month-to-Month,Fiber Optic,Electronic Check,51,58.31,2833.09,1.0,3,No,No,2023-12-25
10365,Female,37,West,Month-to-Month,DSL,Credit Card,13,101.85,1370.61,2.0,0,No,No,2025-08-19
10366,Male,72,East,One Year,No Internet,Bank Transfer,57,74.29,4091.64,2.0,1,Yes,No,2024-07-26
10367,Female,45,East,Month-to-Month,Fiber Optic,Credit Card,55,36.75,2080.59,1.0,0,No,Yes,2020-07-09
10368,Female,33,East,Two Year,DSL,Mailed Check,28,74.85,2151.4,2.0,0,No,No,2024-12-24
10369,Male,64,West,Month-to-Month,DSL,Mailed Check,44,46.7,1979.98,1.0,0,Yes,No,2020-10-03
10370,Male,34,East,Month-to-Month,Fiber Optic,Electronic Check,19,88.56,1611.13,2.0,2,No,No,2023-06-20
10371,Male,57,East,Two Year,No Internet,Electronic Check,46,76.84,3310.65,2.0,2,No,No,2020-10-02
10372,Male,45,South,Month-to-Month,Fiber Optic,Mailed Check,3,68.24,190.0,1.0,3,No,Yes,2024-07-08
10373,Male,75,South,Month-to-Month,Fiber Optic,Credit Card,20,92.43,1954.62,1.0,0,Yes,Yes,2023-08-23
10374,Female,29,West,One Year,DSL,Electronic Check,25,82.05,1903.51,0.0,2,No,No,2025-03-08
10375,Male,44,South,One Year,Fiber Optic,Bank Transfer,56,82.89,4336.4,3.0,0,No,No,2021-08-15
10376,Male,71,East,Month-to-Month,Fiber Optic,Mailed Check,61,69.01,4033.72,5.0,0,Yes,No,2022-06-01
10377,Female,70,North,Two Year,Fiber Optic,Bank Transfer,55,82.08,4794.41,1.0,0,Yes,No,2023-10-19
10378,Male,59,North,One Year,DSL,Credit Card,35,68.51,2333.76,0.0,2,No,No,2022-09-03
10379,Female,64,West,One Year,DSL,Bank Transfer,59,79.91,4482.2,1.0,1,Yes,No,2024-03-14
10380,Male,47,West,One Year,DSL,Bank Transfer,39,65.41,2638.97,2.0,2,No,No,2023-06-08
10381,Male,58,West,One Year,No Internet,Mailed Check,57,42.2,2335.77,0.0,0,No,No,2020-01-14
10382,Female,51,West,Month-to-Month,Fiber Optic,Mailed Check,67,82.77,5397.74,3.0,0,No,Yes,2022-11-03
10383,Female,54,North,Month-to-Month,Fiber Optic,Credit Card,34,95.17,3359.5,1.0,1,No,Yes,2022-10-04
10384,Female,23,East,Month-to-Month,DSL,Bank Transfer,41,76.63,3016.99,4.0,1,No,No,2022-11-29
10385,Female,24,East,Two Year,DSL,Mailed Check,22,64.23,1502.76,2.0,1,No,No,2024-12-14
10386,Female,49,East,Month-to-Month,Fiber Optic,Electronic Check,27,74.83,2040.27,1.0,1,No,No,2025-03-18
10387,Male,49,East,One Year,Fiber Optic,Electronic Check,21,73.54,1553.69,3.0,1,No,No,2022-05-04
10388,Male,70,West,Two Year,DSL,Mailed Check,41,56.14,2215.1,0.0,1,Yes,No,2025-03-30
10389,Female,42,East,Month-to-Month,No Internet,Electronic Check,31,98.9,3230.28,4.0,2,No,No,2023-09-03
10390,Female,50,South,Month-to-Month,DSL,Electronic Check,27,48.3,1319.28,2.0,1,No,Yes,2025-02-04
10391,Female,72,West,Month-to-Month,Fiber Optic,Electronic Check,37,89.27,3120.94,3.0,0,Yes,Yes,2024-11-03
10392,Male,75,East,One Year,No Internet,Credit Card,66,40.55,2550.53,1.0,0,Yes,No,2024-12-05
10393,Male,24,North,Month-to-Month,No Internet,Electronic Check,54,91.12,4895.49,1.0,1,No,No,2023-08-01
10394,Female,69,East,Month-to-Month,DSL,Electronic Check,9,58.6,551.0,2.0,1,Yes,No,2024-08-28
10395,Male,74,North,One Year,No Internet,Mailed Check,42,51.36,2308.74,0.0,0,Yes,No,2020-11-13
10396,Female,29,North,One Year,DSL,Bank Transfer,36,77.39,2858.92,2.0,1,No,No,2021-02-13
10397,Female,33,East,Month-to-Month,No Internet,Bank Transfer,10,20.0,200.2,2.0,0,No,No,2025-07-11
10398,Male,33,East,Month-to-Month,No Internet,Electronic Check,59,,2238.12,3.0,1,No,No,2020-09-03
10399,Female,60,West,One Year,DSL,Bank Transfer,40,81.02,3330.44,2.0,2,Yes,No,2023-09-29
10400,Female,70,East,Two Year,DSL,Bank Transfer,54,92.37,5372.84,2.0,0,Yes,Yes,2020-09-20
10401,Male,53,East,Two Year,Fiber Optic,Bank Transfer,39,93.27,3623.69,3.0,1,No,No,2020-06-16
10402,Female,30,East,One Year,DSL,Electronic Check,7,75.49,499.86,1.0,1,No,No,2022-11-14
10403,Male,24,West,Month-to-Month,DSL,Credit Card,4,132.26,495.46,2.0,0,No,Yes,2021-12-03
10404,Female,53,West,Month-to-Month,No Internet,Bank Transfer,15,84.29,1217.67,2.0,0,No,No,2025-04-07
10405,Male,64,North,Month-to-Month,Fiber Optic,Bank Transfer,48,60.89,2955.19,3.0,0,Yes,Yes,2024-03-30
10406,Female,68,North,Month-to-Month,DSL,Bank Transfer,6,97.62,627.59,2.0,1,Yes,Yes,2023-08-26
10407,Male,26,East,One Year,Fiber Optic,Credit Card,35,70.97,2404.13,3.0,0,No,No,2024-07-20
10408,Male,49,East,Month-to-Month,DSL,Credit Card,72,54.29,3787.17,3.0,1,No,No,2025-09-06
10409,Female,28,South,Month-to-Month,DSL,Bank Transfer,71,37.48,2653.07,,1,No,No,2024-12-03
10410,Male,25,North,Two Year,Fiber Optic,Electronic Check,68,71.71,5202.83,1.0,1,No,No,2023-10-25
10411,Male,50,South,Month-to-Month,DSL,Bank Transfer,58,41.26,2362.09,3.0,0,No,No,2021-10-25
10412,Female,40,West,Month-to-Month,Fiber Optic,Mailed Check,19,100.94,1832.93,2.0,1,No,No,2025-09-15
10413,Female,42,North,Month-to-Month,Fiber Optic,Bank Transfer,62,83.86,4919.08,2.0,2,No,No,2021-06-30
10414,Female,73,West,One Year,DSL,Electronic Check,71,37.98,2678.03,2.0,2,Yes,No,2021-10-07
10415,Female,25,West,One Year,Fiber Optic,Electronic Check,10,84.97,890.58,2.0,3,No,No,2022-05-27
10416,Male,62,West,Month-to-Month,Fiber Optic,Bank Transfer,25,111.85,2702.9,2.0,2,Yes,No,2021-11-03
10417,Male,39,West,One Year,Fiber Optic,Mailed Check,44,127.56,5623.89,3.0,2,No,No,2021-01-06
10418,Male,21,East,One Year,Fiber Optic,Credit Card,58,42.26,2491.48,2.0,2,No,No,2022-01-05
10419,Female,57,West,Two Year,DSL,Credit Card,25,47.54,1179.08,1.0,0,No,No,2024-07-03
10420,Female,20,South,Two Year,DSL,,40,34.77,1322.19,3.0,2,No,No,2025-11-19
10421,Female,46,South,Two Year,No Internet,Bank Transfer,70,75.84,5667.03,2.0,1,No,No,2021-04-24
10422,Female,58,West,One Year,Fiber Optic,Bank Transfer,10,51.78,523.22,2.0,0,No,No,2023-09-12
10423,Male,46,West,Month-to-Month,Fiber Optic,Mailed Check,66,113.48,7764.26,2.0,0,No,No,2021-11-30
10424,Male,51,East,Month-to-Month,Fiber Optic,Electronic Check,25,117.09,2990.97,4.0,1,No,Yes,2023-06-24
10425,Male,51,North,Month-to-Month,DSL,Bank Transfer,71,92.45,7087.02,1.0,0,No,No,2022-10-09
10426,Female,45,West,One Year,DSL,Credit Card,11,54.07,590.61,1.0,1,No,No,2024-09-17
10427,Male,30,South,Two Year,No Internet,Credit Card,36,50.64,1801.16,1.0,0,No,No,2020-11-29
10428,Female,32,West,Month-to-Month,DSL,Bank Transfer,49,60.58,2901.99,5.0,2,No,No,2021-10-25
10429,Male,40,West,Month-to-Month,DSL,Electronic Check,48,99.63,4676.36,2.0,2,No,No,2022-02-17
10430,Male,61,North,One Year,DSL,Credit Card,7,29.55,199.43,1.0,1,Yes,No,2023-05-08
10431,Male,43,South,Two Year,No Internet,Bank Transfer,51,76.65,4209.77,1.0,0,No,Yes,2023-09-20
10432,Female,21,West,One Year,Fiber Optic,Credit Card,17,63.66,1146.42,2.0,0,No,No,2024-11-16
10433,Female,43,West,Two Year,Fiber Optic,Electronic Check,32,71.51,2221.2,2.0,1,No,No,2022-07-29
10434,Male,57,South,Two Year,DSL,Credit Card,26,85.4,2151.2,0.0,0,No,No,2023-07-02
10435,Male,26,East,Two Year,DSL,Credit Card,22,29.11,599.8,5.0,0,No,No,2022-10-13
10436,Female,72,South,One Year,No Internet,Mailed Check,13,65.06,896.8,1.0,1,Yes,No,2021-05-19
10437,Male,22,East,One Year,Fiber Optic,Electronic Check,12,83.78,984.73,0.0,4,No,No,2021-03-13
10438,Female,73,South,Month-to-Month,Fiber Optic,Bank Transfer,71,86.07,6181.97,5.0,1,Yes,No,2020-01-06
10439,Female,49,North,Month-to-Month,No Internet,Electronic Check,1,69.42,73.87,1.0,1,No,No,2024-03-16
10440,Male,37,West,Month-to-Month,No Internet,Electronic Check,33,85.92,2793.67,1.0,2,No,No,2021-05-27
10441,Male,67,South,Month-to-Month,Fiber Optic,Electronic Check,14,75.7,1111.84,2.0,0,Yes,Yes,2022-05-18
10442,Female,28,East,Two Year,No Internet,Mailed Check,64,76.13,4817.97,1.0,1,No,No,2022-09-01
10443,Male,32,East,Month-to-Month,Fiber Optic,Electronic Check,43,95.25,4227.43,2.0,2,No,No,2023-06-24
10444,Male,49,North,Two Year,Fiber Optic,Bank Transfer,58,89.15,5113.77,0.0,0,No,No,2022-09-03
10445,Female,45,West,Month-to-Month,No Internet,Credit Card,41,85.2,3433.26,5.0,0,No,No,2021-09-12
10446,Female,39,North,Month-to-Month,DSL,Mailed Check,68,79.05,5797.44,2.0,0,No,No,2021-07-08
10447,Female,58,East,Two Year,Fiber Optic,Bank Transfer,39,79.76,3166.56,0.0,4,No,No,2021-07-03
10448,Female,34,East,Month-to-Month,Fiber Optic,Bank Transfer,1,55.28,54.11,2.0,4,No,Yes,2021-08-16
10449,Male,43,East,Month-to-Month,DSL,Mailed Check,41,105.93,4174.84,2.0,0,No,No,2023-11-20
10450,Male,61,East,Month-to-Month,Fiber Optic,Bank Transfer,45,129.37,5392.96,2.0,0,Yes,Yes,2024-10-22
10451,Female,24,West,One Year,DSL,Bank Transfer,13,63.01,846.2,2.0,1,No,No,2025-04-26
10452,Female,59,South,Month-to-Month,DSL,Electronic Check,71,83.41,5800.97,0.0,3,No,No,2021-09-14
10453,Male,74,South,One Year,Fiber Optic,Electronic Check,9,73.31,693.7,2.0,1,Yes,No,2021-03-09
10454,Female,43,South,One Year,DSL,Bank Transfer,63,53.99,3327.28,1.0,0,No,No,2020-11-13
10455,Male,42,East,One Year,No Internet,Credit Card,23,73.38,1653.53,2.0,1,No,No,2024-03-04
10456,Male,27,West,One Year,Fiber Optic,Credit Card,54,157.19,8867.42,0.0,0,No,Yes,2025-12-27
10457,Male,62,East,Month-to-Month,Fiber Optic,Credit Card,47,126.88,5953.31,1.0,0,Yes,Yes,2022-06-11
10458,Male,36,East,Month-to-Month,Fiber Optic,Credit Card,39,123.14,5098.21,0.0,1,No,Yes,2021-09-19
10459,Male,28,West,Two Year,DSL,Bank Transfer,26,79.97,2109.21,2.0,1,No,No,2023-05-12
10460,Male,30,East,Month-to-Month,No Internet,Electronic Check,1,49.06,47.02,0.0,0,No,Yes,2020-06-06
10461,Male,70,East,Month-to-Month,Fiber Optic,Mailed Check,14,112.92,1598.15,3.0,2,Yes,No,2023-09-15
10462,Female,25,South,Month-to-Month,Fiber Optic,Mailed Check,65,,1196.83,4.0,2,No,No,2023-12-25
10463,Female,57,West,Two Year,Fiber Optic,Mailed Check,69,91.77,6142.06,1.0,0,No,No,2021-07-06
10464,Female,21,West,Month-to-Month,DSL,Credit Card,67,99.45,6351.8,3.0,3,No,No,2025-03-09
10465,Female,64,East,Month-to-Month,Fiber Optic,Credit Card,49,90.79,4558.46,2.0,1,Yes,No,2022-05-11
10466,Male,48,East,One Year,No Internet,Mailed Check,50,113.48,5343.58,0.0,1,No,No,2024-06-28
10467,Male,45,South,One Year,Fiber Optic,Mailed Check,58,51.35,2878.28,3.0,4,No,No,2024-02-04
10468,Female,28,East,Month-to-Month,DSL,Bank Transfer,53,112.02,5776.82,4.0,1,No,No,2025-09-16
10469,Male,60,West,Month-to-Month,DSL,Credit Card,57,68.06,3571.11,1.0,0,Yes,No,2021-11-06
10470,Female,18,East,One Year,DSL,Credit Card,18,108.27,1807.53,1.0,1,No,Yes,2024-05-12
10471,Male,66,West,Two Year,Fiber Optic,Bank Transfer,16,107.5,1668.02,2.0,2,Yes,Yes,2020-10-28
10472,Female,64,East,One Year,DSL,Electronic Check,2,109.85,209.94,1.0,0,Yes,No,2025-04-21
10473,Male,69,South,Month-to-Month,Fiber Optic,Bank Transfer,13,111.39,1359.31,1.0,3,Yes,Yes,2022-06-16
10474,Female,55,South,Month-to-Month,Fiber Optic,Bank Transfer,45,104.3,4433.79,2.0,1,No,No,2021-09-07
10475,Male,41,South,Two Year,DSL,Bank Transfer,72,101.15,7673.78,2.0,1,No,No,2024-07-05
10476,Female,71,East,Two Year,DSL,Credit Card,43,68.39,3027.03,3.0,0,Yes,Yes,2020-05-11
10477,Male,74,South,Month-to-Month,Fiber Optic,Credit Card,72,102.06,7329.65,1.0,0,Yes,No,2024-06-19
10478,Female,64,North,Month-to-Month,Fiber Optic,Mailed Check,54,86.91,5000.17,3.0,0,Yes,No,2024-06-06
10479,Female,48,West,One Year,DSL,Credit Card,31,54.85,1572.36,2.0,2,No,No,2023-04-08
10480,Male,58,North,Month-to-Month,DSL,Bank Transfer,9,85.17,747.51,1.0,2,No,No,2022-08-02
10481,Female,63,East,Month-to-Month,Fiber Optic,Bank Transfer,48,91.92,4640.45,1.0,0,Yes,No,2022-06-03
10482,Female,67,East,Month-to-Month,DSL,Bank Transfer,18,103.42,1899.77,5.0,2,Yes,Yes,2023-07-12
10483,Male,43,North,Month-to-Month,Fiber Optic,Bank Transfer,11,82.19,973.77,2.0,0,No,Yes,2023-07-30
10484,Female,66,East,Month-to-Month,DSL,Credit Card,62,52.98,3518.38,5.0,0,Yes,No,2024-04-19
10485,Female,67,North,One Year,No Internet,Credit Card,19,103.08,1855.09,1.0,1,Yes,No,2021-04-15
10486,Female,22,West,Month-to-Month,Fiber Optic,Credit Card,24,88.58,2286.47,4.0,1,No,Yes,2025-05-09
10487,Male,37,South,Month-to-Month,DSL,Electronic Check,13,52.22,727.25,2.0,1,No,No,2025-09-21
10488,Male,69,South,Month-to-Month,DSL,Electronic Check,46,106.73,4810.3,0.0,2,Yes,Yes,2020-03-18
10489,Female,58,South,Month-to-Month,DSL,Electronic Check,53,95.17,5433.71,1.0,1,No,No,2022-11-25
10490,Female,28,East,Month-to-Month,DSL,Mailed Check,29,118.22,3173.77,1.0,2,No,Yes,2023-04-12
10491,Male,73,East,Month-to-Month,No Internet,Electronic Check,36,63.48,2344.06,0.0,3,Yes,Yes,2021-10-08
10492,Female,71,West,One Year,Fiber Optic,Electronic Check,71,74.98,5124.39,0.0,2,Yes,No,2023-09-15
10493,Male,50,East,Month-to-Month,Fiber Optic,Electronic Check,17,59.84,956.97,2.0,4,No,No,2022-12-14
10494,Male,67,East,Month-to-Month,Fiber Optic,Bank Transfer,48,72.83,3539.21,0.0,0,Yes,No,2022-02-02
10495,Male,55,North,Month-to-Month,No Internet,Electronic Check,24,62.34,1449.8,1.0,3,No,No,2021-04-03
10496,Male,44,West,One Year,DSL,Credit Card,54,89.08,4938.72,1.0,2,No,No,2021-11-22
10497,Female,51,South,Two Year,DSL,Electronic Check,1,43.77,44.05,1.0,1,No,No,2024-01-18
10498,Male,32,East,Month-to-Month,Fiber Optic,Bank Transfer,67,70.42,4637.06,2.0,0,No,No,2025-01-18
10499,Female,49,East,Two Year,No Internet,Mailed Check,6,109.42,623.1,3.0,0,No,No,2020-03-14
10500,Female,75,East,Month-to-Month,DSL,Mailed Check,55,20.0,1117.82,2.0,1,Yes,No,2024-01-18
10501,Female,38,South,Two Year,DSL,Credit Card,38,79.01,3160.54,3.0,2,No,No,2022-03-29
10502,Female,63,South,Month-to-Month,Fiber Optic,Bank Transfer,33,54.74,1835.32,3.0,0,Yes,Yes,2025-05-31
10503,Male,22,South,One Year,Fiber Optic,Credit Card,8,66.87,544.42,5.0,0,No,No,2020-06-03
10504,Female,23,South,Month-to-Month,DSL,Credit Card,20,107.58,2155.68,2.0,0,No,No,2021-06-02
10505,Female,55,West,Month-to-Month,DSL,Credit Card,55,73.79,3985.88,2.0,1,No,No,2021-01-09
10506,Male,39,West,Two Year,Fiber Optic,Electronic Check,48,148.43,7076.14,2.0,1,No,No,2020-12-08
10507,Female,35,West,One Year,DSL,Bank Transfer,56,87.67,5294.07,1.0,1,No,No,2025-09-22
10508,Female,31,North,Month-to-Month,Fiber Optic,Electronic Check,10,66.26,689.07,2.0,0,No,No,2021-07-01
10509,Female,27,West,Month-to-Month,DSL,Credit Card,52,85.94,4419.23,3.0,0,No,No,2023-01-25
10510,Female,63,West,Month-to-Month,DSL,Credit Card,50,100.25,4978.25,1.0,1,Yes,No,2021-03-11
10511,Female,30,South,Two Year,Fiber Optic,Credit Card,34,95.05,3231.51,1.0,1,No,No,2022-10-27
10512,Male,48,South,One Year,DSL,Bank Transfer,36,66.62,2459.45,3.0,0,No,No,2021-03-19
10513,Female,47,South,Month-to-Month,Fiber Optic,Bank Transfer,61,44.72,2713.06,6.0,1,No,No,2021-04-23
10514,Female,20,South,One Year,Fiber Optic,Bank Transfer,16,78.94,1300.66,3.0,1,No,Yes,2025-03-15
10515,Male,47,North,Two Year,No Internet,Credit Card,18,108.69,1902.95,0.0,1,No,No,2024-02-26
10516,Male,23,East,One Year,Fiber Optic,Electronic Check,71,67.08,4694.58,1.0,0,No,No,2020-02-06
10517,Male,46,East,One Year,Fiber Optic,Credit Card,47,76.7,3814.88,3.0,0,No,No,2024-04-05
10518,Female,25,North,One Year,Fiber Optic,Mailed Check,32,111.83,3480.6,1.0,1,No,No,2020-04-07
10519,Female,61,North,Month-to-Month,Fiber Optic,Mailed Check,43,102.49,4734.56,4.0,0,Yes,No,2022-11-10
10520,Male,62,East,Month-to-Month,Fiber Optic,Bank Transfer,40,54.25,2056.29,1.0,3,Yes,No,2023-06-09
10521,Female,60,South,Two Year,Fiber Optic,Electronic Check,65,79.28,4940.21,0.0,2,Yes,No,2021-04-12
10522,Male,61,East,Month-to-Month,DSL,Electronic Check,35,107.17,3729.15,4.0,2,Yes,No,2020-12-19
10523,Female,50,East,Two Year,Fiber Optic,Credit Card,69,82.66,5974.95,2.0,0,No,No,2020-03-12
10524,Female,34,North,Month-to-Month,DSL,Mailed Check,50,107.78,5588.67,7.0,1,No,Yes,2023-10-07
10525,Female,65,East,Month-to-Month,Fiber Optic,Bank Transfer,12,124.19,1412.66,2.0,1,Yes,No,2022-12-11
10526,Male,28,East,Two Year,Fiber Optic,Mailed Check,58,58.81,3267.27,2.0,0,No,No,2023-05-30
10527,Male,30,West,One Year,Fiber Optic,Bank Transfer,63,79.62,5076.46,1.0,1,No,No,2022-10-20
10528,Male,67,South,Month-to-Month,No Internet,Electronic Check,49,88.44,4191.53,0.0,1,Yes,Yes,2024-12-25
10529,Male,28,West,One Year,DSL,Electronic Check,36,33.56,1193.15,3.0,1,No,No,2022-09-16
10530,Female,48,North,One Year,DSL,Electronic Check,54,66.42,3578.99,1.0,0,No,Yes,2021-04-04
10531,Female,45,North,One Year,Fiber Optic,Credit Card,47,100.65,4801.88,3.0,1,No,No,2023-04-05
10532,Female,61,East,Month-to-Month,No Internet,Electronic Check,32,56.44,1734.14,2.0,0,Yes,Yes,2023-07-30
10533,Female,23,South,Two Year,Fiber Optic,Bank Transfer,53,96.7,4848.87,0.0,1,No,No,2021-12-17
10534,Female,58,East,Two Year,Fiber Optic,Bank Transfer,32,67.0,2109.2,3.0,0,No,No,2021-01-01
10535,Female,33,South,Month-to-Month,DSL,Electronic Check,62,56.72,3281.46,3.0,2,No,No,2021-08-29
10536,Female,21,North,Two Year,Fiber Optic,Electronic Check,37,100.6,3738.14,4.0,1,No,No,2022-01-18
10537,Female,52,South,Two Year,No Internet,Electronic Check,38,101.2,4054.56,1.0,0,No,No,2024-08-26
10538,Male,65,East,One Year,Fiber Optic,Bank Transfer,30,69.23,1950.28,3.0,1,Yes,No,2021-08-24
10539,Male,73,West,One Year,No Internet,Credit Card,58,41.72,2269.82,1.0,1,Yes,No,2021-09-11
10540,Male,43,East,Month-to-Month,DSL,Electronic Check,32,71.07,2121.49,1.0,0,No,No,2020-09-11
10541,Female,74,East,Month-to-Month,DSL,Mailed Check,66,83.67,5829.57,1.0,0,Yes,No,2023-05-08
10542,Female,29,North,One Year,Fiber Optic,Credit Card,51,68.98,3281.97,0.0,0,No,No,2022-04-15
10543,Male,28,East,Two Year,Fiber Optic,Credit Card,11,123.52,1463.82,3.0,1,No,No,2025-01-24
10544,Female,54,North,One Year,No Internet,Bank Transfer,59,68.33,3940.09,2.0,1,No,No,2021-10-30
10545,Female,42,East,Month-to-Month,Fiber Optic,Bank Transfer,20,68.77,1337.72,2.0,2,No,No,2020-09-09
10546,Male,35,West,Month-to-Month,DSL,Bank Transfer,37,120.29,4159.92,0.0,1,No,No,2021-05-08
10547,Male,36,South,Month-to-Month,No Internet,Credit Card,49,103.66,5148.94,2.0,2,No,No,2023-02-04
10548,Female,40,West,Month-to-Month,Fiber Optic,Credit Card,19,68.81,1325.36,4.0,2,No,Yes,2024-05-23
10549,Male,72,North,Month-to-Month,DSL,Bank Transfer,55,98.68,5422.02,3.0,1,Yes,Yes,2020-12-01
10550,Female,55,North,One Year,DSL,Credit Card,40,55.6,2156.75,2.0,2,No,No,2025-10-01
10551,Male,71,South,Month-to-Month,Fiber Optic,Bank Transfer,7,106.19,727.7,7.0,1,Yes,Yes,2024-11-11
10552,Female,35,West,One Year,Fiber Optic,Mailed Check,5,131.43,638.28,2.0,0,No,No,2025-02-10
10553,Female,43,North,Month-to-Month,Fiber Optic,Mailed Check,42,56.78,2356.58,4.0,1,No,No,2020-07-28
10554,Female,23,South,One Year,Fiber Optic,Electronic Check,48,73.56,3441.5,3.0,5,No,No,2022-10-09
10555,Female,21,North,One Year,DSL,Electronic Check,7,59.1,425.32,4.0,1,No,No,2023-10-08
10556,Male,61,West,Month-to-Month,Fiber Optic,Electronic Check,11,93.64,996.38,2.0,0,Yes,Yes,2022-06-12
10557,Male,68,North,Month-to-Month,No Internet,Bank Transfer,49,83.83,4009.64,2.0,1,Yes,No,2023-07-06
10558,Male,46,North,Month-to-Month,Fiber Optic,Credit Card,30,84.77,2516.84,5.0,0,No,Yes,2020-12-02
10559,Female,51,North,Two Year,DSL,Electronic Check,41,24.95,941.76,1.0,3,No,No,2023-11-19
10560,Female,34,East,Month-to-Month,DSL,Electronic Check,3,41.22,123.5,3.0,3,No,Yes,2021-11-05
10561,Female,60,East,One Year,Fiber Optic,Electronic Check,40,64.91,2494.96,5.0,1,Yes,No,2020-04-14
10562,Male,60,South,Two Year,Fiber Optic,Electronic Check,51,96.0,4548.31,2.0,5,Yes,No,2021-12-03
10563,Male,70,East,One Year,DSL,,32,37.12,1265.96,2.0,1,Yes,No,2023-02-21
10564,Male,33,North,Month-to-Month,No Internet,Bank Transfer,48,49.16,2292.63,4.0,2,No,No,2025-08-15
10565,Male,19,West,Two Year,Fiber Optic,Electronic Check,71,53.66,3764.8,3.0,1,No,No,2023-07-14
10566,Female,51,West,Month-to-Month,Fiber Optic,Electronic Check,71,95.53,7137.87,2.0,0,No,No,2023-07-16
10567,Male,72,East,Month-to-Month,Fiber Optic,Bank Transfer,20,115.29,2182.87,1.0,0,Yes,Yes,2021-11-04
10568,Male,25,East,Two Year,Fiber Optic,Bank Transfer,35,85.85,3173.16,3.0,2,No,No,2023-05-03
10569,Female,30,South,One Year,DSL,Electronic Check,24,121.84,2803.28,1.0,0,No,Yes,2022-01-26
10570,Male,59,South,Month-to-Month,No Internet,Electronic Check,40,75.85,3077.22,2.0,0,No,No,2022-12-24
10571,Male,25,North,Month-to-Month,Fiber Optic,Bank Transfer,52,84.65,4532.57,1.0,1,No,No,2020-07-19
10572,Female,47,West,Month-to-Month,No Internet,Credit Card,39,52.4,2176.03,2.0,0,No,No,2020-08-29
10573,Male,49,North,Month-to-Month,Fiber Optic,Electronic Check,68,92.07,6368.58,0.0,0,No,No,2025-08-12
10574,Female,53,North,Month-to-Month,DSL,Electronic Check,61,51.33,3107.7,4.0,1,No,No,2024-01-27
10575,Female,64,North,Two Year,Fiber Optic,Electronic Check,65,57.53,3782.69,3.0,0,Yes,No,2022-08-25
10576,Female,47,East,Two Year,Fiber Optic,Credit Card,62,,3354.33,2.0,1,No,No,2020-11-09
10577,Male,18,North,Two Year,Fiber Optic,Mailed Check,2,76.39,157.4,6.0,0,No,No,2022-06-01
10578,Female,60,South,Month-to-Month,Fiber Optic,Bank Transfer,6,74.5,424.61,3.0,2,Yes,Yes,2021-05-12
10579,Male,56,South,One Year,DSL,Credit Card,43,138.37,6004.41,1.0,0,No,No,2024-04-06
10580,Male,34,East,Two Year,DSL,Credit Card,40,72.23,2957.43,1.0,0,No,No,2025-10-19
10581,Male,37,North,Two Year,Fiber Optic,Bank Transfer,39,86.82,3601.92,3.0,1,No,No,2025-03-20
10582,Female,41,North,Month-to-Month,No Internet,Credit Card,28,58.2,1616.61,5.0,0,No,No,2025-06-17
10583,Male,67,West,Month-to-Month,Fiber Optic,Electronic Check,63,160.0,10524.06,3.0,1,Yes,No,2024-03-20
10584,Male,39,East,Month-to-Month,DSL,Bank Transfer,64,48.9,2963.12,5.0,0,No,No,2025-06-21
10585,Female,46,West,One Year,Fiber Optic,Mailed Check,12,75.16,852.31,3.0,0,No,No,2023-08-25
10586,Male,39,West,One Year,Fiber Optic,Credit Card,41,111.98,4609.4,3.0,2,No,No,2024-04-21
10587,Male,61,West,Two Year,Fiber Optic,Bank Transfer,29,87.06,2563.66,7.0,1,Yes,Yes,2025-09-09
10588,Male,26,North,Month-to-Month,DSL,Credit Card,23,40.17,943.47,1.0,0,No,No,2023-05-29
10589,Male,54,North,Month-to-Month,DSL,Credit Card,51,72.68,3852.38,3.0,1,No,Yes,2024-03-21
10590,Male,27,North,Month-to-Month,Fiber Optic,Electronic Check,45,103.99,4526.01,3.0,4,No,Yes,2024-06-28
10591,Male,53,South,Month-to-Month,Fiber Optic,Bank Transfer,22,99.8,2238.67,3.0,1,No,Yes,2023-09-22
10592,Female,54,West,Month-to-Month,Fiber Optic,Bank Transfer,10,103.53,983.64,2.0,1,No,Yes,2025-02-21
10593,Male,45,East,One Year,DSL,Bank Transfer,7,126.64,846.62,0.0,2,No,No,2021-07-17
10594,Male,45,North,Month-to-Month,DSL,Electronic Check,15,78.79,1100.03,2.0,4,No,No,2025-08-22
10595,Female,59,East,One Year,Fiber Optic,Electronic Check,46,106.89,5111.26,2.0,2,No,No,2023-04-24
10596,Male,60,West,Month-to-Month,Fiber Optic,Credit Card,61,26.4,1612.2,1.0,0,Yes,No,2022-01-03
10597,Female,38,East,Month-to-Month,DSL,Credit Card,61,118.64,6933.88,1.0,1,No,No,2022-01-22
10598,Male,41,East,Month-to-Month,Fiber Optic,Credit Card,51,88.62,4560.29,3.0,2,No,No,2020-05-27
10599,Male,59,South,Two Year,Fiber Optic,Mailed Check,38,60.3,2237.96,2.0,2,No,No,2025-04-09
10600,Male,57,East,Month-to-Month,Fiber Optic,Bank Transfer,12,82.12,1038.61,2.0,1,No,No,2022-10-17
10601,Male,19,West,Two Year,Fiber Optic,Credit Card,66,98.56,6534.26,2.0,1,No,No,2022-12-14
10602,Male,72,East,Month-to-Month,DSL,Electronic Check,54,97.87,4887.39,3.0,1,Yes,No,2024-09-29
10603,Male,25,North,Two Year,DSL,Electronic Check,39,64.62,2715.78,1.0,2,No,Yes,2024-11-20
10604,Male,65,West,Two Year,Fiber Optic,Bank Transfer,39,97.04,3526.79,3.0,3,Yes,No,2021-11-22
10605,Male,44,North,Month-to-Month,DSL,Bank Transfer,30,65.42,2024.13,1.0,1,No,No,2025-09-23
10606,Male,39,West,One Year,Fiber Optic,Bank Transfer,48,99.29,4718.07,4.0,0,No,No,2024-10-11
10607,Male,54,East,Month-to-Month,No Internet,Credit Card,31,77.16,2296.02,1.0,1,No,Yes,2025-11-03
10608,Male,44,West,Two Year,DSL,Electronic Check,25,74.52,1915.6,1.0,1,No,No,2024-12-10
10609,Male,74,East,Month-to-Month,DSL,Mailed Check,68,64.23,4106.21,3.0,0,Yes,No,2020-09-20
10610,Female,46,West,Month-to-Month,Fiber Optic,Mailed Check,51,97.09,5235.41,1.0,1,No,No,2023-06-02
10611,Male,20,West,One Year,Fiber Optic,Credit Card,13,66.34,828.01,2.0,0,No,Yes,2020-08-03
10612,Female,61,South,Two Year,Fiber Optic,,63,86.87,5351.49,2.0,1,Yes,No,2020-08-18
10613,Female,30,East,Month-to-Month,DSL,Credit Card,42,56.14,2407.92,2.0,2,No,Yes,2024-09-21
10614,Male,62,North,One Year,Fiber Optic,Mailed Check,54,62.16,3088.66,1.0,0,Yes,No,2023-04-15
10615,Female,27,East,Month-to-Month,No Internet,Bank Transfer,67,54.36,3626.24,0.0,2,No,Yes,2024-03-20
10616,Female,53,West,Month-to-Month,No Internet,Bank Transfer,56,66.8,3976.77,3.0,1,No,No,2024-10-12
10617,Male,26,West,One Year,DSL,Electronic Check,19,58.79,1149.25,1.0,1,No,No,2021-12-07
10618,Male,71,South,Month-to-Month,No Internet,Electronic Check,46,81.91,3700.28,3.0,2,Yes,No,2021-05-27
10619,Female,73,East,Month-to-Month,Fiber Optic,Electronic Check,15,88.99,1369.11,2.0,1,Yes,Yes,2025-03-11
10620,Female,72,East,Two Year,Fiber Optic,Mailed Check,32,107.36,3675.49,3.0,0,Yes,No,2023-01-29
10621,Male,44,West,Month-to-Month,Fiber Optic,Credit Card,49,84.89,3951.83,0.0,0,No,No,2025-04-20
10622,Male,51,East,One Year,DSL,Bank Transfer,21,76.52,1615.1,4.0,1,No,No,2025-06-15
10623,Male,68,East,Month-to-Month,Fiber Optic,Electronic Check,65,133.65,8318.55,1.0,2,Yes,Yes,2020-12-16
10624,Male,18,North,Month-to-Month,No Internet,Mailed Check,70,,4514.23,7.0,0,No,No,2022-03-13
10625,Female,49,East,Month-to-Month,Fiber Optic,Bank Transfer,27,79.87,2232.76,2.0,0,No,No,2021-03-26
10626,Male,42,East,One Year,Fiber Optic,Electronic Check,23,117.09,2822.8,3.0,1,No,Yes,2023-07-16
10627,Male,46,North,One Year,No Internet,Mailed Check,47,48.08,2419.94,,2,No,No,2022-06-20
10628,Female,24,West,Month-to-Month,Fiber Optic,Electronic Check,12,119.88,1376.95,3.0,1,No,No,2020-03-03
10629,Male,66,East,Month-to-Month,Fiber Optic,Electronic Check,66,81.08,4964.89,4.0,0,Yes,Yes,2024-11-23
10630,Male,20,East,Two Year,DSL,Electronic Check,5,46.17,223.13,5.0,3,No,Yes,2021-05-19
10631,Female,37,North,Month-to-Month,Fiber Optic,Mailed Check,9,109.63,970.75,2.0,0,No,No,2024-08-26
10632,Female,37,East,Two Year,Fiber Optic,Mailed Check,20,75.72,1544.73,3.0,2,No,No,2024-07-11
10633,Male,70,West,Month-to-Month,Fiber Optic,Electronic Check,63,132.61,8752.37,4.0,1,Yes,Yes,2023-04-23
10634,Female,47,East,One Year,DSL,Bank Transfer,72,74.03,5202.07,4.0,1,No,No,2024-05-13
10635,Male,52,North,Month-to-Month,No Internet,Bank Transfer,71,73.85,5221.12,3.0,2,No,No,2025-01-12
10636,Male,52,West,Two Year,No Internet,Bank Transfer,30,52.35,1642.23,2.0,1,No,No,2022-02-02
10637,Female,66,North,One Year,Fiber Optic,Electronic Check,16,83.33,1274.69,1.0,0,Yes,No,2021-03-01
10638,Male,56,South,Month-to-Month,Fiber Optic,Credit Card,5,80.18,382.76,2.0,1,No,Yes,2022-04-12
10639,Male,44,North,Month-to-Month,Fiber Optic,Bank Transfer,29,120.28,3537.92,2.0,0,No,No,2021-05-14
10640,Male,43,West,One Year,No Internet,Electronic Check,47,79.24,3686.18,4.0,6,No,No,2022-04-24
10641,Male,31,East,One Year,Fiber Optic,Credit Card,22,104.64,2467.42,0.0,0,No,No,2022-11-26
10642,Male,34,West,Month-to-Month,Fiber Optic,Bank Transfer,57,89.46,4982.57,7.0,1,No,No,2024-03-29
10643,Male,35,East,Month-to-Month,DSL,Electronic Check,35,61.73,2250.28,1.0,0,No,No,2023-11-21
10644,Male,62,East,Two Year,No Internet,Mailed Check,60,76.27,4637.04,1.0,2,Yes,No,2022-01-19
10645,Male,69,South,Month-to-Month,Fiber Optic,Electronic Check,70,126.77,8241.48,1.0,0,Yes,Yes,2024-05-09
10646,Female,46,West,One Year,Fiber Optic,Mailed Check,60,60.79,3404.85,0.0,1,No,No,2025-05-01
10647,Female,37,West,Month-to-Month,Fiber Optic,Electronic Check,58,97.49,5385.86,1.0,1,No,No,2022-11-11
10648,Female,70,North,Two Year,Fiber Optic,Electronic Check,3,119.41,337.78,1.0,0,Yes,No,2021-05-09
10649,Female,44,North,Two Year,DSL,Electronic Check,34,46.63,1542.14,1.0,2,No,No,2023-05-11
10650,Male,35,East,Two Year,DSL,Bank Transfer,45,90.05,4103.46,3.0,0,No,No,2022-08-07
10651,Male,21,South,Month-to-Month,DSL,Bank Transfer,50,95.08,4831.86,1.0,1,No,No,2023-10-01
10652,Female,18,East,Two Year,Fiber Optic,Electronic Check,2,49.64,100.67,5.0,1,No,No,2022-11-04
10653,Female,67,North,Month-to-Month,Fiber Optic,Electronic Check,15,114.76,1616.08,4.0,3,Yes,Yes,2022-11-19
10654,Female,18,South,One Year,Fiber Optic,Bank Transfer,37,72.15,2712.36,4.0,1,No,No,2024-11-22
10655,Male,75,North,Month-to-Month,Fiber Optic,Credit Card,15,95.97,1418.76,1.0,0,Yes,Yes,2024-07-10
10656,Male,43,North,Month-to-Month,DSL,Bank Transfer,60,97.6,6233.64,3.0,0,No,Yes,2021-09-11
10657,Male,62,East,Two Year,Fiber Optic,Electronic Check,64,112.0,7640.5,3.0,1,Yes,Yes,2021-09-18
10658,Male,37,West,Month-to-Month,Fiber Optic,Bank Transfer,52,48.6,2635.64,4.0,1,No,No,2020-09-28
10659,Female,69,North,One Year,Fiber Optic,Bank Transfer,23,131.72,3128.01,0.0,1,Yes,Yes,2021-02-23
10660,Female,40,West,One Year,Fiber Optic,Mailed Check,37,122.45,4251.53,1.0,0,No,Yes,2025-08-09
10661,Male,27,South,One Year,Fiber Optic,Bank Transfer,41,113.3,4336.62,1.0,0,No,No,2021-05-03
10662,Female,28,West,Month-to-Month,No Internet,Electronic Check,57,81.04,4871.19,0.0,1,No,No,2022-03-06
10663,Female,58,West,Month-to-Month,Fiber Optic,Electronic Check,25,76.11,1880.53,3.0,1,No,Yes,2023-09-03
10664,Male,58,East,Two Year,DSL,Bank Transfer,37,39.92,1465.55,1.0,1,No,No,2021-04-11
10665,Male,22,West,Month-to-Month,Fiber Optic,Credit Card,40,46.4,1959.28,5.0,0,No,No,2021-03-15
10666,Male,75,North,Month-to-Month,Fiber Optic,Mailed Check,46,103.11,4835.21,5.0,1,Yes,Yes,2023-09-16
10667,Male,18,North,Month-to-Month,No Internet,Bank Transfer,60,98.29,5594.89,1.0,1,No,No,2020-09-29
10668,Male,34,North,Month-to-Month,Fiber Optic,Credit Card,19,84.88,1538.15,8.0,1,No,No,2022-11-10
10669,Male,39,South,Two Year,DSL,Credit Card,9,55.48,459.88,2.0,0,No,No,2024-02-24
10670,Male,51,South,Month-to-Month,Fiber Optic,Credit Card,69,88.75,6330.16,2.0,1,No,No,2022-08-13
10671,Male,73,South,One Year,DSL,Electronic Check,5,55.99,279.31,0.0,3,Yes,No,2023-07-14
10672,Female,62,East,Month-to-Month,DSL,Electronic Check,26,72.54,2021.82,3.0,2,Yes,No,2025-04-03
10673,Male,58,North,Month-to-Month,No Internet,Credit Card,19,54.56,1072.14,3.0,1,No,Yes,2020-07-06
10674,Male,46,East,Month-to-Month,No Internet,Electronic Check,30,87.3,2452.71,0.0,2,No,No,2024-02-07
10675,Male,21,East,Month-to-Month,DSL,Electronic Check,48,103.1,4680.81,0.0,0,No,No,2020-07-26
10676,Female,22,North,Month-to-Month,Fiber Optic,Electronic Check,16,99.71,1595.8,2.0,1,No,No,2020-03-14
10677,Male,28,West,One Year,DSL,Electronic Check,71,69.99,5307.1,1.0,1,No,No,2021-11-03
10678,Male,73,East,Month-to-Month,DSL,Electronic Check,18,96.73,1670.73,3.0,2,Yes,No,2022-11-15
10679,Female,68,East,Month-to-Month,Fiber Optic,Bank Transfer,56,87.47,5153.49,2.0,2,Yes,Yes,2022-05-23
10680,Female,38,East,Month-to-Month,Fiber Optic,Credit Card,21,110.93,2259.56,3.0,0,No,No,2024-11-28
10681,Female,52,South,Month-to-Month,No Internet,Credit Card,31,56.1,1675.07,1.0,1,No,No,2025-02-24
10682,Male,29,East,Two Year,DSL,Bank Transfer,1,54.33,57.82,2.0,1,No,Yes,2021-05-29
10683,Male,43,East,One Year,Fiber Optic,Mailed Check,3,62.28,173.31,2.0,0,No,No,2024-12-28
10684,Female,68,West,Month-to-Month,No Internet,Electronic Check,25,60.36,1547.81,0.0,0,Yes,No,2020-10-06
10685,Female,36,West,Month-to-Month,Fiber Optic,Credit Card,8,111.53,827.02,2.0,0,No,No,2022-01-29
10686,Female,62,South,Two Year,Fiber Optic,,65,60.21,4101.98,2.0,0,Yes,No,2021-07-09
10687,Female,24,East,Month-to-Month,DSL,Credit Card,62,20.0,1305.35,0.0,0,No,No,2022-11-22
10688,Male,64,West,Two Year,Fiber Optic,Mailed Check,7,71.64,533.04,1.0,0,Yes,No,2020-10-17
10689,Female,72,North,Month-to-Month,DSL,Bank Transfer,7,42.66,283.62,,1,Yes,Yes,2022-02-23
10690,Male,24,South,Two Year,Fiber Optic,Bank Transfer,8,69.39,521.77,1.0,1,No,No,2024-06-10
10691,Male,43,North,Two Year,Fiber Optic,Credit Card,19,134.67,2560.18,1.0,0,No,No,2022-01-11
10692,Male,57,South,One Year,Fiber Optic,Bank Transfer,17,64.78,1061.02,3.0,0,No,No,2020-03-23
10693,Male,22,East,Month-to-Month,No Internet,Electronic Check,11,87.84,982.67,2.0,2,No,No,2025-07-04
10694,Male,38,West,Month-to-Month,Fiber Optic,Credit Card,49,84.99,4173.67,3.0,0,No,Yes,2023-03-07
10695,Male,31,West,Month-to-Month,Fiber Optic,Credit Card,11,96.31,999.21,1.0,2,No,Yes,2020-03-23
10696,Female,21,South,Month-to-Month,Fiber Optic,Credit Card,41,74.27,3161.65,2.0,1,No,No,2024-09-06
10697,Male,40,East,Month-to-Month,Fiber Optic,Electronic Check,62,116.03,7543.52,1.0,0,No,No,2021-10-09
10698,Female,59,East,Month-to-Month,Fiber Optic,Bank Transfer,52,97.67,5455.12,2.0,2,No,No,2020-05-30
10699,Male,37,West,One Year,Fiber Optic,Electronic Check,66,98.37,6383.91,0.0,2,No,No,2022-08-01
10700,Male,32,East,One Year,DSL,Electronic Check,68,74.47,4932.49,1.0,1,No,No,2024-10-23
10701,Female,67,East,Month-to-Month,Fiber Optic,Credit Card,67,118.4,7542.2,1.0,0,Yes,No,2022-05-09
10702,Male,69,South,Month-to-Month,DSL,Electronic Check,40,86.0,3264.35,2.0,1,Yes,No,2025-02-11
10703,Male,62,West,Two Year,DSL,Bank Transfer,5,76.27,370.43,3.0,0,Yes,No,2020-04-24
10704,Male,46,North,Month-to-Month,Fiber Optic,Bank Transfer,22,103.32,2448.27,3.0,3,No,No,2021-12-26
10705,Male,25,North,One Year,Fiber Optic,Bank Transfer,37,43.0,1487.21,5.0,2,No,No,2024-03-30
10706,Female,58,West,Month-to-Month,DSL,Electronic Check,11,76.69,811.11,1.0,1,No,Yes,2023-01-12
10707,Male,65,East,Month-to-Month,DSL,Bank Transfer,44,70.4,2892.4,2.0,0,Yes,No,2022-06-05
10708,Female,36,East,Month-to-Month,Fiber Optic,Mailed Check,53,116.21,5936.05,2.0,0,No,No,2022-03-20
10709,Male,65,West,Month-to-Month,No Internet,Credit Card,61,54.47,3105.98,1.0,1,Yes,No,2025-01-14
10710,Female,56,North,Two Year,Fiber Optic,Electronic Check,67,87.03,5838.76,2.0,1,No,No,2020-09-09
10711,Female,63,West,One Year,Fiber Optic,Mailed Check,13,135.1,1738.98,0.0,0,Yes,No,2023-07-20
10712,Female,45,East,Month-to-Month,Fiber Optic,Electronic Check,11,86.36,900.42,1.0,3,No,No,2022-04-04
10713,Male,63,West,Two Year,No Internet,Credit Card,11,33.74,351.83,2.0,1,Yes,No,2021-05-21
10714,Male,74,South,Month-to-Month,DSL,Electronic Check,7,126.35,902.3,2.0,1,Yes,Yes,2025-12-19
10715,Male,44,South,Two Year,DSL,Electronic Check,17,49.11,819.79,4.0,3,No,No,2024-09-30
10716,Female,21,South,Two Year,Fiber Optic,Electronic Check,48,56.01,2497.57,1.0,0,No,No,2020-12-16
10717,Female,75,South,Month-to-Month,DSL,Credit Card,14,46.99,702.09,2.0,1,Yes,No,2023-01-11
10718,Female,32,West,Month-to-Month,Fiber Optic,Bank Transfer,63,105.19,6526.19,3.0,0,No,No,2025-06-10
10719,Male,52,South,Month-to-Month,No Internet,Electronic Check,64,104.44,6781.53,1.0,0,No,No,2022-03-28
10720,Female,54,East,One Year,Fiber Optic,Bank Transfer,65,131.01,9040.78,1.0,0,No,No,2025-12-13
10721,Female,18,North,One Year,Fiber Optic,Credit Card,34,87.38,2924.41,4.0,0,No,No,2022-04-14
10722,Male,20,North,Two Year,Fiber Optic,Mailed Check,9,57.33,542.44,0.0,2,No,Yes,2025-06-10
10723,Male,64,East,One Year,No Internet,Mailed Check,37,57.75,2278.55,0.0,0,Yes,No,2022-06-14
10724,Female,41,South,Month-to-Month,Fiber Optic,Bank Transfer,30,87.84,2497.78,4.0,1,No,No,2025-11-22
10725,Female,44,South,Month-to-Month,Fiber Optic,Mailed Check,41,86.47,3767.91,3.0,1,No,Yes,2020-03-03
10726,Female,57,East,One Year,Fiber Optic,Bank Transfer,45,119.71,5059.28,4.0,1,No,No,2022-01-20
10727,Male,53,South,Month-to-Month,No Internet,Mailed Check,47,39.06,1769.77,3.0,3,No,No,2020-01-26
10728,Female,51,East,One Year,No Internet,Electronic Check,7,44.11,324.0,1.0,4,No,No,2020-01-01
10729,Male,46,North,Month-to-Month,DSL,Credit Card,14,64.25,957.17,6.0,0,No,Yes,2025-11-11
10730,Male,41,West,Month-to-Month,Fiber Optic,Bank Transfer,48,96.23,4755.13,2.0,0,No,No,2025-04-21
10731,Male,41,North,Month-to-Month,Fiber Optic,Credit Card,6,75.93,426.77,3.0,0,No,No,2024-08-28
10732,Female,59,South,One Year,No Internet,Bank Transfer,34,58.9,2009.97,0.0,1,No,No,2020-10-24
10733,Female,21,South,Month-to-Month,Fiber Optic,Mailed Check,46,116.34,5413.83,1.0,1,No,Yes,2025-06-07
10734,Male,20,South,One Year,Fiber Optic,Electronic Check,59,98.8,5625.75,3.0,2,No,No,2024-05-13
10735,Male,51,East,Month-to-Month,Fiber Optic,Bank Transfer,70,62.38,4709.85,3.0,1,No,No,2020-07-27
10736,Female,74,South,One Year,No Internet,Electronic Check,8,59.26,461.61,0.0,1,Yes,Yes,2024-01-21
10737,Male,66,East,One Year,Fiber Optic,Electronic Check,24,99.92,2286.91,3.0,0,Yes,No,2022-06-25
10738,Female,40,South,Month-to-Month,DSL,Credit Card,67,40.47,2542.35,4.0,2,No,No,2020-10-10
10739,Male,70,West,One Year,DSL,Electronic Check,4,84.77,332.49,3.0,2,Yes,No,2020-12-15
10740,Male,73,East,Month-to-Month,Fiber Optic,Credit Card,1,78.41,80.83,4.0,3,Yes,Yes,2023-09-18
10741,Male,69,North,Month-to-Month,Fiber Optic,Credit Card,34,96.07,3126.01,2.0,1,Yes,Yes,2025-07-05
10742,Male,40,East,Month-to-Month,No Internet,Electronic Check,9,75.0,704.11,1.0,1,No,Yes,2024-11-08
10743,Female,62,East,One Year,No Internet,Bank Transfer,63,44.07,2614.45,1.0,1,Yes,No,2023-09-13
10744,Male,22,West,Two Year,No Internet,Bank Transfer,10,51.08,505.93,1.0,0,No,No,2023-08-10
10745,Male,48,East,One Year,DSL,Electronic Check,10,108.19,1116.93,2.0,1,No,No,2024-02-26
10746,Female,70,East,One Year,Fiber Optic,Electronic Check,50,146.28,6887.22,1.0,1,Yes,No,2020-07-02
10747,Male,58,East,One Year,No Internet,Mailed Check,44,28.32,1265.59,2.0,1,No,No,2025-07-23
10748,Female,74,West,Month-to-Month,Fiber Optic,Bank Transfer,48,113.08,5687.47,1.0,0,Yes,Yes,2020-07-30
10749,Female,74,East,Two Year,DSL,Electronic Check,6,74.39,453.16,1.0,2,Yes,Yes,2023-06-28
10750,Female,71,North,Month-to-Month,No Internet,Electronic Check,24,124.06,2982.9,1.0,1,Yes,No,2020-06-15
10751,Male,23,East,Two Year,DSL,Bank Transfer,58,53.04,3242.83,2.0,0,No,No,2025-02-14
10752,Female,54,South,One Year,DSL,Bank Transfer,64,94.46,6514.97,2.0,1,No,No,2023-03-31
10753,Female,74,South,One Year,DSL,Electronic Check,56,64.43,3424.1,2.0,1,Yes,No,2022-05-24
10754,Male,27,East,One Year,Fiber Optic,Credit Card,12,119.04,1472.21,4.0,1,No,No,2023-12-13
10755,Male,57,South,Month-to-Month,DSL,Credit Card,35,129.78,4237.54,3.0,1,No,No,2024-07-11
10756,Female,24,South,One Year,Fiber Optic,Bank Transfer,71,92.33,6075.93,1.0,0,No,No,2021-02-10
10757,Female,56,South,Month-to-Month,DSL,Electronic Check,6,43.53,252.02,2.0,0,No,No,2021-02-08
10758,Female,55,North,One Year,Fiber Optic,Credit Card,65,122.35,8551.97,1.0,0,No,No,2020-10-01
10759,Female,38,East,One Year,Fiber Optic,Electronic Check,60,101.14,6119.08,3.0,2,No,No,2023-12-09
10760,Female,37,North,Two Year,No Internet,Mailed Check,68,76.45,5005.85,3.0,2,No,No,2025-11-29
10761,Male,20,North,Month-to-Month,No Internet,Bank Transfer,29,111.58,3045.6,0.0,0,No,Yes,2022-03-02
10762,Male,68,North,Month-to-Month,Fiber Optic,Bank Transfer,38,58.56,2374.88,4.0,0,Yes,No,2020-05-15
10763,Male,39,West,Month-to-Month,DSL,Bank Transfer,22,54.1,1163.99,1.0,0,No,Yes,2020-11-28
10764,Female,64,South,One Year,DSL,Credit Card,8,86.86,673.39,0.0,1,Yes,No,2022-10-23
10765,Male,21,South,Month-to-Month,No Internet,Mailed Check,63,53.54,3566.21,1.0,1,No,No,2024-03-15
10766,Female,45,East,Month-to-Month,Fiber Optic,Electronic Check,13,79.1,1045.48,5.0,0,No,No,2025-10-25
10767,Female,29,East,Two Year,DSL,Bank Transfer,27,98.87,2527.96,2.0,1,No,No,2023-04-01
10768,Female,55,East,One Year,No Internet,Electronic Check,18,82.82,1472.04,0.0,2,No,No,2022-11-10
10769,Male,68,South,Month-to-Month,Fiber Optic,Electronic Check,18,57.53,1106.49,3.0,1,Yes,No,2024-05-20
10770,Female,53,North,Month-to-Month,No Internet,Credit Card,62,82.2,5423.55,5.0,0,No,No,2022-08-10
10771,Male,64,North,One Year,No Internet,Bank Transfer,14,102.98,1342.55,2.0,0,Yes,Yes,2025-06-09
10772,Female,58,West,Month-to-Month,No Internet,Bank Transfer,11,76.29,808.12,3.0,1,No,No,2021-04-16
10773,Male,22,North,One Year,Fiber Optic,Credit Card,17,108.79,1747.21,1.0,2,No,No,2020-06-13
10774,Male,30,West,Month-to-Month,Fiber Optic,Credit Card,51,74.07,3798.01,2.0,0,No,No,2025-06-14
10775,Female,40,West,Two Year,No Internet,Mailed Check,14,73.5,1070.16,1.0,1,No,No,2024-10-05
10776,Male,75,South,Month-to-Month,Fiber Optic,Electronic Check,57,47.58,2623.34,1.0,1,Yes,No,2020-06-12
10777,Male,67,South,Month-to-Month,DSL,Bank Transfer,6,87.74,548.17,3.0,0,Yes,Yes,2020-04-13
10778,Female,47,South,One Year,Fiber Optic,Bank Transfer,57,96.0,5619.71,0.0,0,No,No,2021-08-18
10779,Female,54,South,One Year,Fiber Optic,Credit Card,4,54.74,226.96,3.0,0,No,No,2020-04-29
10780,Female,42,West,Month-to-Month,Fiber Optic,Electronic Check,11,125.02,1473.85,0.0,2,No,No,2023-02-01
10781,Female,65,West,One Year,DSL,Credit Card,11,86.28,937.63,2.0,1,Yes,No,2020-12-29
10782,Female,44,North,Month-to-Month,Fiber Optic,Electronic Check,8,69.68,543.4,3.0,0,No,Yes,2024-04-18
10783,Male,68,South,Two Year,DSL,Electronic Check,59,83.4,5065.34,1.0,2,Yes,No,2021-01-03
10784,Male,31,East,Two Year,DSL,Electronic Check,21,42.39,934.0,0.0,2,No,No,2022-08-15
10785,Male,74,West,Month-to-Month,DSL,Credit Card,65,50.85,3142.07,3.0,1,Yes,Yes,2024-11-02
10786,Female,65,East,Two Year,DSL,Bank Transfer,24,42.52,1077.1,3.0,1,Yes,Yes,2023-04-23
10787,Female,64,North,Month-to-Month,Fiber Optic,Bank Transfer,30,61.8,1722.84,4.0,0,Yes,Yes,2023-06-08
10788,Male,71,West,Month-to-Month,Fiber Optic,Electronic Check,57,97.94,5141.68,4.0,3,Yes,Yes,2020-05-14
10789,Male,53,West,Two Year,Fiber Optic,Credit Card,17,84.36,1355.74,0.0,1,No,No,2025-09-23
10790,Female,56,East,One Year,DSL,Credit Card,59,90.71,5761.77,1.0,2,No,No,2024-02-24
10791,Male,33,West,Month-to-Month,DSL,Credit Card,31,20.0,622.34,4.0,0,No,No,2021-08-17
10792,Female,73,South,Month-to-Month,Fiber Optic,Bank Transfer,64,77.21,4582.94,2.0,3,Yes,Yes,2023-12-16
10793,Male,39,East,Month-to-Month,Fiber Optic,Credit Card,48,77.56,4019.03,0.0,1,No,No,2022-02-04
10794,Female,38,North,Two Year,DSL,Bank Transfer,23,68.32,1632.93,0.0,2,No,No,2025-04-28
10795,Male,71,North,Month-to-Month,Fiber Optic,Credit Card,70,87.67,6468.79,3.0,1,Yes,Yes,2023-09-02
10796,Female,38,South,Month-to-Month,No Internet,Credit Card,30,77.7,2223.94,4.0,0,No,Yes,2024-05-05
10797,Female,25,East,Month-to-Month,Fiber Optic,Credit Card,55,89.22,4597.32,0.0,0,No,No,2021-06-19
10798,Female,66,South,Month-to-Month,No Internet,Bank Transfer,7,60.53,424.73,4.0,1,Yes,Yes,2021-09-25
10799,Female,33,North,Month-to-Month,Fiber Optic,Mailed Check,12,77.01,964.36,,0,No,No,2025-09-27
10800,Female,72,South,Month-to-Month,Fiber Optic,Bank Transfer,60,85.68,5254.13,2.0,1,Yes,No,2021-10-22
10801,Female,48,South,Month-to-Month,Fiber Optic,Bank Transfer,52,99.62,5288.87,2.0,0,No,Yes,2021-04-03
10802,Male,59,East,Month-to-Month,Fiber Optic,Electronic Check,27,89.13,2505.5,3.0,1,No,No,2024-08-07
10803,Female,27,East,Two Year,Fiber Optic,Mailed Check,12,62.37,715.75,0.0,1,No,No,2022-01-24
10804,Female,49,East,Month-to-Month,Fiber Optic,Electronic Check,13,66.05,880.84,3.0,2,No,No,2025-03-08
10805,Male,51,West,One Year,DSL,Electronic Check,72,84.75,5996.67,8.0,1,No,No,2025-10-16
10806,Female,26,East,One Year,Fiber Optic,Electronic Check,62,105.93,6115.55,2.0,3,No,No,2021-05-23
10807,Female,34,East,Two Year,DSL,Mailed Check,29,93.78,2590.01,1.0,1,No,No,2022-01-05
10808,Female,28,West,Two Year,Fiber Optic,Mailed Check,35,69.73,2555.35,1.0,0,No,No,2023-08-16
10809,Male,49,East,Month-to-Month,No Internet,Mailed Check,60,25.06,1598.85,2.0,0,No,No,2025-12-11
10810,Male,27,East,Month-to-Month,DSL,Bank Transfer,29,81.54,2282.49,2.0,2,No,No,2020-10-18
10811,Female,39,West,Month-to-Month,Fiber Optic,Credit Card,31,69.11,2036.27,1.0,2,No,No,2021-02-24
10812,Female,74,East,Month-to-Month,Fiber Optic,Mailed Check,61,84.42,4759.67,4.0,1,Yes,No,2025-04-02
10813,Male,34,West,One Year,Fiber Optic,Mailed Check,2,90.71,194.42,1.0,2,No,No,2022-03-22
10814,Female,21,West,One Year,Fiber Optic,Credit Card,33,100.84,3425.61,0.0,1,No,No,2025-09-28
10815,Female,65,West,Two Year,DSL,Electronic Check,72,89.33,6902.08,2.0,1,Yes,No,2025-07-02
10816,Male,69,South,Month-to-Month,DSL,Bank Transfer,62,101.24,6642.29,1.0,1,Yes,No,2020-07-01
10817,Female,64,North,Two Year,No Internet,Mailed Check,59,99.98,5748.25,1.0,1,Yes,No,2020-09-03
10818,Male,42,West,Month-to-Month,DSL,Mailed Check,40,74.6,2799.08,3.0,1,No,No,2021-10-11
10819,Male,38,West,Month-to-Month,No Internet,Mailed Check,49,29.78,1459.0,3.0,0,No,No,2021-07-14
10820,Male,54,South,Month-to-Month,No Internet,Mailed Check,32,56.76,1678.81,1.0,0,No,No,2025-10-20
10821,Female,55,South,One Year,No Internet,Mailed Check,38,107.2,3845.42,1.0,1,No,No,2022-02-08
10822,Male,66,South,Month-to-Month,DSL,Bank Transfer,13,75.72,942.38,2.0,1,Yes,No,2021-07-09
10823,Male,18,North,Two Year,Fiber Optic,Bank Transfer,54,136.46,7564.14,1.0,1,No,No,2021-05-18
10824,Male,42,East,Two Year,Fiber Optic,Electronic Check,13,72.53,944.38,4.0,1,No,Yes,2021-09-19
10825,Female,68,East,Two Year,DSL,Bank Transfer,39,124.82,4714.09,3.0,3,Yes,No,2024-10-19
10826,Female,53,East,Month-to-Month,Fiber Optic,Credit Card,23,86.96,2020.81,5.0,1,No,Yes,2022-12-30
10827,Male,34,South,Two Year,Fiber Optic,Mailed Check,14,71.51,941.1,1.0,0,No,No,2020-06-09
10828,Male,58,North,One Year,Fiber Optic,Credit Card,17,69.21,1224.71,0.0,0,No,No,2024-12-13
10829,Female,41,North,Month-to-Month,Fiber Optic,Electronic Check,24,103.5,2568.27,5.0,5,No,Yes,2025-12-14
10830,Male,19,West,Month-to-Month,DSL,Electronic Check,58,36.67,2030.39,0.0,0,No,No,2024-09-01
10831,Male,57,South,Month-to-Month,Fiber Optic,Bank Transfer,63,73.26,4693.95,2.0,0,No,No,2024-04-01
10832,Male,32,East,Month-to-Month,DSL,Credit Card,34,70.69,2404.73,1.0,1,No,No,2023-08-20
10833,Male,49,East,One Year,DSL,Electronic Check,51,20.0,948.33,0.0,0,No,No,2025-07-12
10834,Male,56,West,Two Year,Fiber Optic,Electronic Check,10,79.56,767.36,2.0,3,No,No,2023-04-27
10835,Male,23,North,Month-to-Month,DSL,Credit Card,72,115.01,8942.49,4.0,3,No,Yes,2025-06-18
10836,Male,18,West,One Year,DSL,Electronic Check,21,82.8,1627.39,2.0,3,No,No,2021-09-25
10837,Female,64,South,Two Year,Fiber Optic,Electronic Check,37,65.55,2427.84,1.0,3,Yes,No,2025-06-29
10838,Male,40,East,Month-to-Month,Fiber Optic,Credit Card,7,75.05,554.71,0.0,0,No,Yes,2022-11-22
10839,Female,75,North,Two Year,Fiber Optic,Credit Card,13,90.43,1138.09,1.0,0,Yes,Yes,2021-05-15
10840,Female,56,West,One Year,DSL,Credit Card,30,59.23,1708.87,0.0,2,No,No,2024-04-12
10841,Male,74,East,One Year,DSL,Electronic Check,31,83.71,2757.27,3.0,2,Yes,No,2023-03-20
10842,Female,34,South,Month-to-Month,Fiber Optic,Mailed Check,5,73.53,356.17,2.0,0,No,No,2024-05-17
10843,Male,51,South,One Year,Fiber Optic,Credit Card,32,61.39,2012.1,3.0,0,No,No,2025-11-28
10844,Female,58,North,Month-to-Month,Fiber Optic,Electronic Check,16,116.52,1936.0,7.0,1,No,Yes,2025-06-07
10845,Male,46,South,One Year,No Internet,Electronic Check,22,89.73,2065.22,0.0,2,No,No,2021-06-03
10846,Male,26,North,Month-to-Month,Fiber Optic,Electronic Check,64,39.79,2748.15,0.0,0,No,No,2025-04-01
10847,Male,30,East,Two Year,No Internet,Electronic Check,44,58.58,2702.56,0.0,1,No,No,2023-08-21
10848,Female,23,North,Month-to-Month,Fiber Optic,Electronic Check,40,113.07,4636.42,2.0,2,No,No,2025-01-20
10849,Male,23,West,Month-to-Month,DSL,Credit Card,37,67.85,2669.3,4.0,2,No,No,2022-07-21
10850,Female,37,East,One Year,DSL,Bank Transfer,16,57.49,979.56,1.0,0,No,No,2024-03-21
10851,Male,69,East,Month-to-Month,DSL,Credit Card,43,65.69,3038.52,1.0,1,Yes,No,2021-02-11
10852,Female,70,North,One Year,Fiber Optic,Bank Transfer,63,89.77,5905.68,1.0,0,Yes,No,2024-03-11
10853,Male,20,North,Two Year,DSL,Electronic Check,15,62.51,891.88,1.0,3,No,No,2021-09-15
10854,Female,34,East,One Year,Fiber Optic,Mailed Check,44,84.93,3862.36,0.0,0,No,No,2021-07-05
10855,Male,66,North,Month-to-Month,Fiber Optic,Electronic Check,9,83.25,698.32,1.0,3,Yes,No,2020-11-15
10856,Male,29,South,One Year,DSL,Bank Transfer,65,47.66,3007.67,3.0,0,No,Yes,2022-12-05
10857,Male,65,East,One Year,No Internet,Electronic Check,44,46.37,1914.86,3.0,2,Yes,No,2021-10-28
10858,Male,64,East,Two Year,DSL,Mailed Check,20,39.75,852.23,1.0,0,Yes,No,2021-09-19
10859,Female,62,South,Month-to-Month,Fiber Optic,Credit Card,70,89.29,6089.05,5.0,2,Yes,No,2024-11-19
10860,Male,72,East,Month-to-Month,DSL,Electronic Check,33,86.57,2954.27,3.0,1,Yes,Yes,2024-02-18
10861,Female,18,North,One Year,DSL,Bank Transfer,6,48.47,294.14,2.0,0,No,No,2023-02-07
10862,Male,34,East,Month-to-Month,No Internet,Electronic Check,31,34.5,1002.34,3.0,1,No,No,2024-02-18
10863,Male,20,West,Month-to-Month,No Internet,Bank Transfer,66,50.22,3347.05,6.0,1,No,No,2025-02-01
10864,Male,43,North,Month-to-Month,DSL,Bank Transfer,18,107.06,1976.73,1.0,2,No,No,2024-06-03
10865,Male,32,North,Two Year,Fiber Optic,Electronic Check,28,74.17,2203.53,2.0,0,No,No,2025-10-24
10866,Female,53,South,Two Year,DSL,Credit Card,68,61.65,3903.83,0.0,2,No,Yes,2021-09-01
10867,Male,49,South,One Year,DSL,Electronic Check,65,52.06,3273.25,2.0,0,No,No,2024-03-01
10868,Male,49,South,Month-to-Month,No Internet,Bank Transfer,45,86.29,4002.55,1.0,1,No,Yes,2021-04-23
10869,Female,21,North,Month-to-Month,Fiber Optic,Electronic Check,58,83.92,4504.71,3.0,0,No,No,2021-08-10
10870,Female,35,East,Two Year,Fiber Optic,Credit Card,47,63.83,2857.72,1.0,3,No,No,2021-08-15
10871,Male,66,North,Two Year,Fiber Optic,Mailed Check,66,56.23,3544.13,4.0,1,Yes,No,2020-11-04
10872,Male,36,East,Two Year,DSL,Electronic Check,52,76.45,4083.1,0.0,3,No,No,2020-09-23
10873,Female,60,South,One Year,No Internet,Mailed Check,36,78.6,2732.7,1.0,0,Yes,No,2025-09-11
10874,Male,69,West,Month-to-Month,Fiber Optic,Bank Transfer,1,56.04,56.93,2.0,0,Yes,No,2025-01-06
10875,Male,52,North,Two Year,DSL,Electronic Check,39,97.68,4093.16,5.0,3,No,Yes,2025-09-18
10876,Male,57,East,Month-to-Month,DSL,Credit Card,1,55.95,58.58,1.0,1,No,No,2021-11-16
10877,Female,31,South,Month-to-Month,DSL,Bank Transfer,14,20.0,272.51,1.0,0,No,No,2025-06-23
10878,Female,75,South,One Year,Fiber Optic,Credit Card,71,125.22,8851.36,0.0,1,Yes,No,2021-10-28
10879,Male,50,West,Month-to-Month,No Internet,Electronic Check,23,69.44,1520.63,1.0,1,No,No,2024-08-11
10880,Male,31,South,Month-to-Month,Fiber Optic,Electronic Check,43,97.86,3881.93,3.0,0,No,No,2023-11-07
10881,Male,51,East,Month-to-Month,DSL,Bank Transfer,22,113.81,2419.58,1.0,0,No,No,2024-03-01
10882,Female,72,North,Month-to-Month,Fiber Optic,Bank Transfer,60,61.93,3638.16,1.0,0,Yes,No,2022-10-17
10883,Male,21,South,Two Year,Fiber Optic,Credit Card,27,93.98,2563.59,0.0,0,No,Yes,2021-03-21
10884,Male,41,West,Month-to-Month,No Internet,Electronic Check,56,101.38,6080.65,1.0,2,No,Yes,2020-10-14
10885,Female,46,South,Month-to-Month,Fiber Optic,Bank Transfer,2,63.64,136.4,6.0,1,No,Yes,2022-12-17
10886,Male,36,East,Month-to-Month,Fiber Optic,Mailed Check,39,123.52,4485.93,3.0,2,No,Yes,2024-08-17
10887,Female,23,East,Month-to-Month,DSL,Electronic Check,51,36.77,1909.67,2.0,0,No,No,2022-03-04
10888,Male,74,South,Month-to-Month,DSL,Electronic Check,19,69.62,1225.92,3.0,2,Yes,Yes,2024-04-13
10889,Male,50,East,One Year,DSL,Mailed Check,62,45.12,2863.72,3.0,1,No,No,2022-02-13
10890,Male,66,South,Month-to-Month,Fiber Optic,Bank Transfer,71,104.4,6959.0,4.0,2,Yes,No,2020-10-03
10891,Female,57,South,One Year,Fiber Optic,Bank Transfer,67,62.87,4513.15,1.0,0,No,No,2025-06-22
10892,Female,36,East,Two Year,Fiber Optic,Mailed Check,63,66.57,4438.39,3.0,0,No,No,2022-08-20
10893,Female,70,North,One Year,Fiber Optic,Bank Transfer,5,65.03,300.3,3.0,0,Yes,No,2024-03-25
10894,Male,18,East,Month-to-Month,No Internet,Electronic Check,72,41.95,3156.74,2.0,1,No,No,2022-01-05
10895,Female,22,West,Month-to-Month,Fiber Optic,Bank Transfer,61,67.83,4227.6,4.0,0,No,No,2020-04-23
10896,Male,44,East,Two Year,Fiber Optic,Bank Transfer,71,80.87,5737.52,,0,No,No,2022-02-10
10897,Male,33,East,One Year,Fiber Optic,Mailed Check,7,84.49,601.14,3.0,1,No,No,2023-11-20
10898,Female,23,West,Two Year,Fiber Optic,Electronic Check,50,76.59,3938.72,3.0,3,No,No,2022-10-09
10899,Male,57,West,Two Year,DSL,Credit Card,46,50.34,2458.08,4.0,2,No,No,2023-06-06
10900,Male,30,South,Two Year,DSL,Bank Transfer,72,58.1,4362.15,2.0,0,No,No,2020-04-17
10901,Male,65,South,Two Year,Fiber Optic,Electronic Check,14,42.36,600.19,1.0,2,Yes,No,2020-10-08
10902,Male,52,North,One Year,Fiber Optic,Credit Card,69,69.53,5046.75,3.0,1,No,No,2023-11-28
10903,Male,36,North,Month-to-Month,Fiber Optic,Mailed Check,65,81.46,5707.41,2.0,1,No,No,2022-05-27
10904,Female,29,South,Two Year,DSL,Credit Card,65,74.36,4678.87,4.0,0,No,No,2023-04-13
10905,Male,33,West,One Year,DSL,Bank Transfer,57,76.31,4084.11,0.0,1,No,No,2021-03-29
10906,Female,60,North,Month-to-Month,Fiber Optic,Mailed Check,62,56.3,3619.86,7.0,1,Yes,No,2021-05-23
10907,Female,27,South,One Year,DSL,Electronic Check,20,82.69,1780.44,2.0,0,No,No,2023-06-17
10908,Male,42,West,One Year,DSL,Mailed Check,26,75.06,1831.88,1.0,0,No,No,2025-11-13
10909,Male,37,North,Two Year,No Internet,Bank Transfer,44,103.0,4482.48,2.0,1,No,No,2020-03-31
10910,Male,48,South,One Year,No Internet,Credit Card,67,34.64,2158.33,2.0,0,No,No,2020-08-20
10911,Female,21,South,Month-to-Month,Fiber Optic,Credit Card,70,83.59,6110.19,2.0,1,No,No,2021-10-20
10912,Male,61,North,Two Year,Fiber Optic,Mailed Check,62,107.78,7162.11,3.0,0,Yes,No,2022-06-30
10913,Female,40,East,Two Year,Fiber Optic,Electronic Check,45,74.59,3356.01,2.0,3,No,Yes,2024-01-07
10914,Male,19,West,One Year,DSL,Electronic Check,11,49.16,532.93,1.0,3,No,Yes,2021-03-16
10915,Female,73,East,Month-to-Month,No Internet,Electronic Check,72,51.6,3957.56,5.0,2,Yes,No,2022-09-22
10916,Male,39,South,Month-to-Month,Fiber Optic,Electronic Check,34,106.62,3412.44,5.0,1,No,Yes,2025-10-12
10917,Male,68,East,One Year,Fiber Optic,Credit Card,46,48.3,2361.0,0.0,1,Yes,No,2020-01-05
10918,Female,74,South,Month-to-Month,Fiber Optic,Mailed Check,32,78.67,2473.99,2.0,3,Yes,No,2025-10-20
10919,Female,54,East,Month-to-Month,Fiber Optic,Mailed Check,5,65.1,328.59,5.0,2,No,No,2021-09-08
10920,Male,25,East,One Year,Fiber Optic,Electronic Check,63,66.98,4238.84,4.0,1,No,No,2023-03-16
10921,Female,24,West,Month-to-Month,DSL,Credit Card,29,83.04,2452.85,3.0,0,No,No,2020-12-30
10922,Male,31,North,Month-to-Month,Fiber Optic,Bank Transfer,48,77.12,3963.62,1.0,1,No,No,2021-09-16
10923,Female,73,East,Month-to-Month,Fiber Optic,Electronic Check,16,92.83,1592.49,5.0,2,Yes,No,2021-05-21
10924,Female,72,West,Month-to-Month,DSL,Bank Transfer,25,40.95,1077.99,3.0,0,Yes,No,2021-06-06
10925,Male,20,West,One Year,Fiber Optic,Mailed Check,72,107.75,7375.12,1.0,1,No,No,2021-12-06
10926,Male,67,East,Month-to-Month,Fiber Optic,Mailed Check,29,92.32,2605.96,4.0,1,Yes,No,2024-10-25
10927,Male,33,East,Month-to-Month,Fiber Optic,Credit Card,52,117.95,6121.45,4.0,1,No,No,2020-09-06
10928,Female,72,South,One Year,No Internet,Credit Card,46,61.83,3028.69,3.0,0,Yes,No,2022-06-19
10929,Female,36,West,Two Year,DSL,Electronic Check,25,78.24,1962.53,1.0,0,No,No,2020-09-05
10930,Male,68,East,One Year,Fiber Optic,Credit Card,23,106.58,2638.6,0.0,0,Yes,No,2023-10-06
10931,Male,35,South,Month-to-Month,DSL,Credit Card,34,82.75,3031.31,2.0,1,No,No,2023-07-16
10932,Female,69,South,Month-to-Month,Fiber Optic,Mailed Check,67,,8809.28,1.0,2,Yes,Yes,2024-12-31
10933,Female,33,North,Two Year,DSL,Mailed Check,34,25.42,916.48,0.0,1,No,No,2025-10-31
10934,Male,25,West,Month-to-Month,DSL,Mailed Check,32,76.37,2639.04,1.0,1,No,No,2023-01-08
10935,Male,50,South,One Year,No Internet,Mailed Check,29,61.85,1894.01,1.0,0,No,No,2025-11-12
10936,Male,66,South,Month-to-Month,Fiber Optic,,9,75.06,692.5,2.0,2,Yes,Yes,2020-09-15
10937,Male,29,South,Month-to-Month,No Internet,Bank Transfer,66,109.34,7614.94,5.0,1,No,No,2020-05-01
10938,Female,70,West,Two Year,No Internet,Electronic Check,57,51.49,2738.95,3.0,3,Yes,Yes,2023-02-21
10939,Male,28,North,One Year,No Internet,Electronic Check,39,93.32,3717.99,6.0,0,No,No,2022-06-23
10940,Female,22,North,One Year,DSL,Credit Card,7,45.65,305.06,1.0,3,No,No,2022-08-04
10941,Male,44,East,Month-to-Month,Fiber Optic,Bank Transfer,69,112.49,7285.0,0.0,1,No,No,2025-11-09
10942,Female,29,West,Month-to-Month,Fiber Optic,Bank Transfer,8,86.44,734.99,0.0,0,No,No,2022-11-13
10943,Female,34,South,One Year,Fiber Optic,Electronic Check,18,79.93,1470.89,2.0,3,No,No,2020-02-21
10944,Female,23,North,One Year,Fiber Optic,Electronic Check,49,48.58,2282.75,,3,No,No,2020-10-20
10945,Male,50,West,Month-to-Month,DSL,Electronic Check,16,64.98,1020.85,5.0,3,No,No,2023-11-06
10946,Male,22,North,Month-to-Month,DSL,Electronic Check,21,54.83,1238.62,3.0,3,No,No,2024-05-10
10947,Male,74,East,Month-to-Month,No Internet,Electronic Check,10,115.69,1223.94,3.0,1,Yes,Yes,2022-05-04
10948,Female,45,West,Two Year,Fiber Optic,Bank Transfer,4,83.29,307.34,2.0,2,No,Yes,2022-01-20
10949,Female,31,South,One Year,Fiber Optic,Bank Transfer,44,72.09,3415.47,3.0,0,No,No,2023-10-27
10950,Female,22,East,Two Year,DSL,Credit Card,8,51.03,399.65,1.0,1,No,No,2020-08-26
10951,Female,71,East,Month-to-Month,Fiber Optic,Bank Transfer,55,53.0,3006.14,5.0,1,Yes,No,2025-07-10
10952,Female,73,South,Two Year,Fiber Optic,Electronic Check,19,120.06,2358.76,0.0,0,Yes,No,2025-05-16
10953,Male,50,East,Month-to-Month,No Internet,Mailed Check,64,103.41,7054.18,2.0,0,No,No,2025-08-22
10954,Female,67,East,Month-to-Month,DSL,Credit Card,40,70.33,2986.52,5.0,1,Yes,No,2021-06-24
10955,Male,65,South,Two Year,Fiber Optic,Bank Transfer,51,136.48,6717.4,2.0,1,Yes,No,2023-08-09
10956,Male,58,North,Month-to-Month,No Internet,Mailed Check,9,71.67,659.84,5.0,0,No,No,2020-04-17
10957,Male,36,North,Month-to-Month,DSL,Mailed Check,30,99.41,2931.58,0.0,0,No,No,2024-05-23
10958,Male,39,South,Month-to-Month,DSL,Electronic Check,56,86.15,4844.12,5.0,1,No,Yes,2025-03-23
10959,Male,22,East,Month-to-Month,DSL,Bank Transfer,44,57.64,2558.35,6.0,1,No,No,2021-01-01
10960,Female,19,North,One Year,Fiber Optic,Electronic Check,59,91.56,5312.45,3.0,1,No,No,2022-04-10
10961,Male,47,West,One Year,DSL,Electronic Check,15,81.32,1212.75,3.0,2,No,No,2020-06-21
10962,Female,64,South,One Year,Fiber Optic,Electronic Check,68,54.39,3525.93,1.0,0,Yes,No,2024-10-06
10963,Male,56,West,One Year,Fiber Optic,Mailed Check,70,94.2,6707.57,2.0,1,No,No,2023-09-15
10964,Male,21,North,One Year,No Internet,Mailed Check,61,100.52,6385.78,1.0,1,No,No,2021-03-27
10965,Male,50,West,Month-to-Month,DSL,Electronic Check,23,54.71,1244.18,1.0,0,No,No,2025-08-06
10966,Male,30,West,Month-to-Month,DSL,Credit Card,47,66.74,3376.52,5.0,1,No,No,2021-04-15
10967,Female,37,South,Two Year,No Internet,Mailed Check,17,39.26,620.14,1.0,2,No,No,2023-01-09
10968,Male,71,North,Month-to-Month,No Internet,Credit Card,57,59.93,3464.74,2.0,4,Yes,Yes,2020-11-16
10969,Female,24,North,One Year,No Internet,Credit Card,54,61.87,3385.67,3.0,0,No,No,2021-03-16
10970,Male,32,West,Month-to-Month,DSL,Credit Card,52,111.45,5365.42,2.0,1,No,No,2022-06-03
10971,Female,40,North,One Year,Fiber Optic,Bank Transfer,22,79.07,1662.88,1.0,0,No,No,2025-04-05
10972,Female,31,North,One Year,Fiber Optic,Credit Card,39,73.74,3062.47,2.0,0,No,No,2022-01-12
10973,Female,40,South,Month-to-Month,Fiber Optic,Bank Transfer,13,84.65,1108.29,3.0,1,No,Yes,2024-02-02
10974,Male,36,North,Month-to-Month,Fiber Optic,Credit Card,66,44.31,2894.69,3.0,1,No,No,2025-08-01
10975,Male,71,South,One Year,DSL,Electronic Check,52,20.0,1025.94,2.0,1,Yes,No,2023-06-14
10976,Male,46,South,Month-to-Month,DSL,Electronic Check,14,37.45,556.86,1.0,1,No,No,2020-06-29
10977,Female,73,North,Month-to-Month,No Internet,Electronic Check,63,80.1,4938.94,2.0,1,Yes,No,2021-02-13
10978,Male,37,North,One Year,DSL,Credit Card,71,71.93,5400.51,3.0,2,No,No,2022-06-30
10979,Male,46,South,Month-to-Month,DSL,Electronic Check,28,93.73,2544.32,3.0,1,No,No,2025-11-21
10980,Female,41,North,Two Year,Fiber Optic,Bank Transfer,46,43.99,2033.74,3.0,2,No,No,2025-11-04
10981,Male,35,South,Month-to-Month,Fiber Optic,Credit Card,28,81.9,2162.51,4.0,0,No,No,2021-01-20
10982,Female,27,North,Month-to-Month,Fiber Optic,Bank Transfer,2,47.2,99.31,3.0,1,No,Yes,2021-08-25
10983,Male,58,North,One Year,DSL,Mailed Check,17,78.68,1388.06,2.0,0,No,No,2021-03-18
10984,Male,74,East,Month-to-Month,Fiber Optic,Bank Transfer,59,,3115.38,0.0,0,Yes,No,2025-04-25
10985,Female,25,West,Month-to-Month,DSL,Mailed Check,52,65.92,3167.82,3.0,2,No,No,2024-10-26
10986,Male,43,South,Month-to-Month,DSL,Credit Card,4,77.16,307.71,3.0,0,No,No,2020-12-20
10987,Female,46,North,Month-to-Month,Fiber Optic,Electronic Check,3,77.22,221.47,3.0,1,No,Yes,2024-11-20
10988,Male,27,North,Month-to-Month,Fiber Optic,Mailed Check,37,30.45,1111.03,1.0,0,No,No,2024-11-07
10989,Male,34,South,Month-to-Month,DSL,Mailed Check,24,113.56,2880.87,1.0,0,No,No,2021-04-19
10990,Female,19,North,Month-to-Month,Fiber Optic,Mailed Check,72,74.57,5600.64,4.0,0,No,No,2025-01-04
10991,Female,23,West,Month-to-Month,DSL,Bank Transfer,35,31.76,1065.7,2.0,2,No,No,2023-12-20
10992,Female,75,South,One Year,DSL,Bank Transfer,2,91.03,196.19,1.0,3,Yes,No,2022-12-04
10993,Male,22,North,One Year,DSL,Electronic Check,33,91.96,3230.46,3.0,2,No,Yes,2022-01-03
10994,Female,45,East,Month-to-Month,No Internet,Bank Transfer,10,64.45,647.46,1.0,2,No,No,2022-11-06
10995,Male,58,West,One Year,DSL,Electronic Check,62,110.41,6878.44,3.0,1,No,No,2021-08-18
10996,Male,22,West,Two Year,No Internet,Electronic Check,43,48.48,2218.48,2.0,2,No,No,2020-07-09
10997,Female,35,West,One Year,Fiber Optic,Credit Card,69,91.39,6443.27,1.0,1,No,No,2021-10-05
10998,Male,43,West,One Year,DSL,Credit Card,59,84.77,5030.79,2.0,0,No,No,2024-12-27
10999,Female,37,West,Month-to-Month,Fiber Optic,Electronic Check,9,124.85,1168.44,2.0,2,No,No,2020-04-03
11000,Male,58,East,Two Year,Fiber Optic,Bank Transfer,60,33.42,1920.21,1.0,0,No,No,2023-01-23
11001,Male,66,West,Month-to-Month,Fiber Optic,Mailed Check,63,144.3,9641.27,1.0,0,Yes,No,2024-07-25
11002,Female,44,East,Month-to-Month,DSL,Bank Transfer,52,101.35,5296.69,1.0,0,No,No,2023-01-10
11003,Female,66,North,One Year,Fiber Optic,Credit Card,23,98.24,2296.94,1.0,0,Yes,No,2020-12-05
11004,Female,29,South,Month-to-Month,Fiber Optic,Mailed Check,30,67.01,1878.41,1.0,0,No,No,2025-07-29
11005,Female,24,North,Month-to-Month,No Internet,Electronic Check,43,49.91,2080.72,2.0,3,No,No,2025-11-29
11006,Female,20,West,One Year,DSL,Bank Transfer,68,79.2,5322.47,1.0,2,No,No,2020-10-29
11007,Female,27,East,One Year,DSL,Electronic Check,21,84.34,1746.74,3.0,0,No,No,2025-01-15
11008,Female,51,East,One Year,DSL,Credit Card,43,81.12,3643.47,4.0,0,No,No,2025-04-26
11009,Male,42,North,Two Year,No Internet,Credit Card,7,70.99,479.62,0.0,2,No,No,2020-02-20
11010,Male,52,East,Month-to-Month,DSL,Bank Transfer,16,82.8,1257.42,3.0,1,No,Yes,2022-03-16
11011,Male,33,North,Month-to-Month,Fiber Optic,Electronic Check,23,32.36,754.12,2.0,4,No,No,2025-04-12
11012,Female,19,East,One Year,No Internet,Electronic Check,58,65.35,3860.05,1.0,1,No,Yes,2021-12-01
11013,Female,41,South,Month-to-Month,DSL,Credit Card,31,37.42,1089.78,1.0,0,No,No,2021-10-22
11014,Male,27,West,One Year,Fiber Optic,Credit Card,69,85.99,5460.99,4.0,0,No,No,2024-12-05
11015,Female,55,East,Month-to-Month,Fiber Optic,Bank Transfer,6,119.66,765.94,0.0,1,No,No,2025-03-22
11016,Female,39,South,Month-to-Month,Fiber Optic,Electronic Check,65,64.28,3897.18,2.0,0,No,No,2023-07-28
11017,Male,43,West,Month-to-Month,No Internet,Credit Card,59,54.27,3405.76,1.0,1,No,No,2023-02-10
11018,Female,60,East,One Year,Fiber Optic,Electronic Check,28,65.76,1811.59,1.0,1,Yes,No,2020-02-05
11019,Female,72,North,Month-to-Month,No Internet,Electronic Check,18,54.1,997.65,1.0,1,Yes,No,2021-09-14
11020,Male,56,North,Month-to-Month,No Internet,Credit Card,10,85.85,815.32,0.0,2,No,No,2024-04-12
11021,Female,44,North,Month-to-Month,DSL,Bank Transfer,7,91.68,675.02,3.0,0,No,No,2025-09-23
11022,Male,46,East,Month-to-Month,DSL,Electronic Check,37,108.73,3817.16,1.0,2,No,No,2022-05-22
11023,Female,64,West,Month-to-Month,Fiber Optic,Electronic Check,45,61.87,2733.59,2.0,0,Yes,No,2023-08-20
11024,Female,55,East,Month-to-Month,Fiber Optic,Credit Card,16,104.1,1595.78,3.0,2,No,No,2023-11-16
11025,Female,37,East,Month-to-Month,Fiber Optic,Electronic Check,14,108.26,1597.49,3.0,2,No,No,2025-08-24
11026,Male,44,South,Month-to-Month,DSL,Credit Card,11,113.33,1318.1,1.0,2,No,No,2020-06-15
11027,Female,58,North,Month-to-Month,Fiber Optic,Credit Card,34,63.74,2122.79,4.0,1,No,No,2024-08-15
11028,Female,71,West,One Year,Fiber Optic,Electronic Check,60,36.91,2146.35,1.0,1,Yes,No,2020-03-03
11029,Male,37,North,Two Year,Fiber Optic,Electronic Check,13,75.07,1018.63,3.0,0,No,Yes,2020-07-21
11030,Female,61,East,Month-to-Month,No Internet,Mailed Check,39,142.22,5882.49,2.0,0,Yes,Yes,2023-03-26
11031,Male,36,South,Month-to-Month,Fiber Optic,Bank Transfer,44,59.62,2675.33,2.0,0,No,No,2024-03-18
11032,Female,37,East,Month-to-Month,No Internet,Bank Transfer,28,84.17,2517.93,,1,No,No,2023-01-29
11033,Male,52,East,One Year,Fiber Optic,Credit Card,40,31.59,1239.95,3.0,2,No,No,2022-06-13
11034,Male,64,West,Month-to-Month,DSL,Bank Transfer,16,117.37,1773.32,2.0,2,Yes,Yes,2023-04-07
11035,Male,19,North,Month-to-Month,Fiber Optic,Mailed Check,50,40.04,1899.38,1.0,0,No,No,2024-04-04
11036,Female,47,North,One Year,DSL,Bank Transfer,28,20.0,575.22,5.0,1,No,No,2023-03-10
11037,Male,70,East,Month-to-Month,DSL,Electronic Check,68,74.47,4989.03,3.0,1,Yes,Yes,2022-02-25
11038,Female,51,West,One Year,Fiber Optic,Credit Card,60,89.96,5100.79,2.0,1,No,No,2022-09-02
11039,Male,39,West,One Year,DSL,Credit Card,12,107.48,1246.88,2.0,1,No,No,2022-04-13
11040,Male,20,East,One Year,DSL,Credit Card,16,93.24,1499.15,1.0,1,No,No,2020-07-11
11041,Female,23,South,Month-to-Month,DSL,Credit Card,53,21.99,1094.88,5.0,1,No,Yes,2021-01-20
11042,Female,32,East,Two Year,DSL,Mailed Check,54,63.2,3141.66,4.0,2,No,No,2025-05-29
11043,Male,44,West,One Year,Fiber Optic,Bank Transfer,49,69.57,3636.54,5.0,0,No,No,2023-11-12
11044,Female,27,North,Month-to-Month,DSL,Electronic Check,36,38.62,1346.91,0.0,0,No,No,2023-01-06
11045,Female,26,East,Month-to-Month,No Internet,Electronic Check,62,82.84,4907.21,1.0,1,No,No,2025-06-23
11046,Female,50,North,Month-to-Month,No Internet,Credit Card,26,98.07,2630.79,,2,No,Yes,2020-06-20
11047,Male,49,South,Two Year,No Internet,Electronic Check,56,46.87,2773.13,3.0,1,No,No,2020-12-02
11048,Male,65,East,Two Year,Fiber Optic,Electronic Check,22,73.68,1655.27,1.0,1,Yes,No,2023-12-25
11049,Female,23,South,One Year,DSL,Credit Card,69,65.35,4332.02,3.0,0,No,No,2021-08-27
11050,Male,58,North,Two Year,DSL,Credit Card,49,50.47,2616.12,1.0,0,No,No,2021-10-27
11051,Female,53,West,Month-to-Month,Fiber Optic,Mailed Check,2,76.32,152.89,3.0,1,No,Yes,2025-11-23
11052,Male,19,West,Month-to-Month,No Internet,Electronic Check,53,55.46,2883.5,3.0,0,No,No,2023-05-17
11053,Female,46,West,Two Year,DSL,Electronic Check,7,70.12,499.06,2.0,1,No,No,2025-04-12
11054,Female,21,North,One Year,Fiber Optic,Electronic Check,20,72.34,1493.24,1.0,0,No,No,2020-12-17
11055,Female,18,South,Month-to-Month,Fiber Optic,Credit Card,30,97.68,2974.39,0.0,1,No,No,2024-10-27
11056,Male,36,South,One Year,No Internet,Electronic Check,67,57.25,4093.66,1.0,2,No,No,2025-09-26
11057,Female,43,South,Two Year,Fiber Optic,Bank Transfer,59,98.17,5910.67,1.0,0,No,Yes,2025-09-09
11058,Male,42,South,One Year,Fiber Optic,Electronic Check,66,71.71,5019.54,5.0,1,No,No,2021-04-19
11059,Male,27,North,Two Year,Fiber Optic,Credit Card,3,97.14,295.47,2.0,1,No,Yes,2023-02-23
11060,Female,70,West,One Year,Fiber Optic,Bank Transfer,56,65.79,3583.84,1.0,3,Yes,No,2021-03-18
11061,Female,32,North,Month-to-Month,No Internet,Electronic Check,17,94.13,1608.48,2.0,0,No,Yes,2024-08-01
11062,Female,39,East,Two Year,Fiber Optic,Credit Card,52,37.55,1823.36,4.0,1,No,No,2020-09-11
11063,Female,68,North,Month-to-Month,DSL,Credit Card,7,71.85,481.24,4.0,1,Yes,No,2020-03-10
11064,Male,65,West,Two Year,No Internet,Bank Transfer,5,52.82,275.35,0.0,0,Yes,No,2021-07-31
11065,Male,38,East,Month-to-Month,DSL,Credit Card,54,70.85,3924.75,0.0,0,No,No,2021-05-09
11066,Female,73,East,One Year,Fiber Optic,Credit Card,61,57.35,3311.69,2.0,2,Yes,No,2022-02-19
11067,Male,39,West,Month-to-Month,DSL,Bank Transfer,16,67.14,1063.59,2.0,1,No,No,2022-04-30
11068,Male,53,North,Month-to-Month,Fiber Optic,Credit Card,67,59.27,3743.62,2.0,0,No,No,2025-01-12
11069,Male,51,West,Month-to-Month,Fiber Optic,Credit Card,59,81.05,5054.19,2.0,0,No,No,2020-05-08
11070,Male,47,North,Two Year,DSL,Electronic Check,47,58.72,2587.26,1.0,0,No,No,2024-02-15
11071,Male,42,West,Two Year,DSL,Bank Transfer,48,75.25,3701.14,2.0,1,No,No,2024-07-06
11072,Male,62,North,Month-to-Month,DSL,Mailed Check,64,73.65,4794.3,1.0,1,Yes,No,2024-12-28
11073,Male,45,East,Two Year,No Internet,,50,113.96,5673.18,1.0,2,No,No,2024-01-19
11074,Male,18,East,Two Year,DSL,Mailed Check,41,54.25,2145.33,1.0,0,No,No,2024-12-07
11075,Female,66,North,One Year,DSL,Bank Transfer,72,68.68,4868.97,3.0,2,Yes,No,2023-11-28
11076,Male,62,West,Month-to-Month,No Internet,Bank Transfer,22,151.61,3498.93,1.0,1,Yes,No,2020-01-08
11077,Male,21,East,Two Year,Fiber Optic,Bank Transfer,54,76.41,4298.81,3.0,0,No,No,2020-08-07
11078,Female,24,West,One Year,Fiber Optic,Credit Card,5,110.83,575.32,2.0,0,No,No,2021-12-25
11079,Male,66,East,Two Year,DSL,Credit Card,17,81.41,1439.29,3.0,0,Yes,No,2020-04-11
11080,Female,26,North,Two Year,DSL,Credit Card,41,125.37,4847.29,1.0,2,No,No,2024-08-28
11081,Female,53,West,Two Year,Fiber Optic,Electronic Check,35,46.23,1514.26,1.0,1,No,No,2025-08-11
11082,Male,36,North,One Year,Fiber Optic,Bank Transfer,40,48.39,2047.55,2.0,0,No,No,2022-02-09
11083,Male,18,South,Month-to-Month,Fiber Optic,Credit Card,22,59.05,1369.18,2.0,0,No,Yes,2022-04-13
11084,Female,27,West,Month-to-Month,DSL,Electronic Check,48,76.32,3769.64,0.0,0,No,No,2022-01-09
11085,Female,53,South,Month-to-Month,No Internet,Electronic Check,53,46.91,2528.36,3.0,0,No,No,2020-07-18
11086,Male,26,North,Month-to-Month,No Internet,Mailed Check,10,20.0,195.74,2.0,0,No,Yes,2025-06-15
11087,Female,62,North,One Year,DSL,Bank Transfer,18,48.89,841.17,2.0,0,Yes,No,2020-01-26
11088,Male,63,North,One Year,No Internet,Credit Card,49,81.21,4086.03,1.0,0,Yes,No,2025-07-10
11089,Female,59,North,Two Year,Fiber Optic,Credit Card,71,59.41,4496.87,4.0,1,No,No,2022-08-01
11090,Male,49,West,Month-to-Month,Fiber Optic,Credit Card,30,115.56,3431.85,2.0,3,No,Yes,2020-04-11
11091,Female,49,West,One Year,Fiber Optic,Electronic Check,19,58.87,1083.31,1.0,1,No,No,2023-09-16
11092,Female,23,East,Month-to-Month,DSL,Credit Card,55,72.35,3833.29,8.0,1,No,No,2020-07-15
11093,Female,65,East,Month-to-Month,Fiber Optic,Bank Transfer,60,77.23,4280.67,5.0,0,Yes,No,2021-05-24
11094,Male,55,West,Month-to-Month,DSL,Credit Card,72,76.71,5541.07,1.0,0,No,No,2025-06-18
11095,Male,34,West,One Year,DSL,Credit Card,21,79.22,1793.58,1.0,1,No,No,2022-10-11
11096,Male,27,West,Month-to-Month,Fiber Optic,Electronic Check,26,126.63,3458.44,3.0,1,No,Yes,2022-07-11
11097,Male,67,East,One Year,No Internet,Credit Card,28,89.25,2657.93,3.0,1,Yes,No,2024-11-26
11098,Male,44,North,Month-to-Month,DSL,Electronic Check,39,61.48,2444.2,3.0,3,No,No,2024-04-04
11099,Female,71,South,Two Year,Fiber Optic,Credit Card,33,97.32,3202.03,1.0,1,Yes,No,2023-08-24
11100,Male,67,South,Two Year,Fiber Optic,Credit Card,40,100.76,4346.68,2.0,1,Yes,No,2020-01-21
11101,Male,52,West,Two Year,DSL,Bank Transfer,29,118.12,3396.52,1.0,0,No,No,2025-04-06
11102,Female,69,North,Two Year,Fiber Optic,Credit Card,20,78.07,1665.53,3.0,0,Yes,No,2022-11-30
11103,Female,38,South,Two Year,Fiber Optic,Electronic Check,20,79.93,1665.57,1.0,0,No,No,2025-03-30
11104,Female,42,West,Two Year,DSL,Credit Card,12,99.81,1165.33,3.0,2,No,No,2024-03-01
11105,Female,45,West,One Year,No Internet,,25,22.04,551.27,2.0,0,No,No,2025-06-06
11106,Male,64,South,Month-to-Month,DSL,Electronic Check,25,66.88,1641.06,1.0,1,Yes,Yes,2025-03-14
11107,Male,32,West,Month-to-Month,No Internet,Bank Transfer,4,89.36,336.64,2.0,2,No,No,2022-08-24
11108,Female,21,West,Month-to-Month,No Internet,Mailed Check,4,98.18,383.72,1.0,2,No,Yes,2024-08-14
11109,Female,46,East,One Year,Fiber Optic,Electronic Check,9,31.77,303.73,2.0,4,No,No,2023-08-24
11110,Male,26,East,Month-to-Month,DSL,Bank Transfer,15,38.54,601.47,0.0,2,No,No,2021-05-28
11111,Female,44,South,Two Year,Fiber Optic,Bank Transfer,26,20.0,501.49,4.0,1,No,No,2020-02-10
11112,Male,43,North,Two Year,Fiber Optic,Credit Card,71,103.82,7215.44,0.0,2,No,No,2020-09-19
11113,Male,36,West,Month-to-Month,DSL,Bank Transfer,32,77.11,2513.49,0.0,2,No,No,2023-08-10
11114,Female,73,East,Month-to-Month,DSL,Electronic Check,52,107.48,5513.97,5.0,1,Yes,No,2022-10-29
11115,Female,45,North,Two Year,Fiber Optic,Electronic Check,32,82.73,2648.65,1.0,1,No,No,2024-12-24
11116,Female,34,North,Month-to-Month,No Internet,Bank Transfer,9,128.02,1188.71,2.0,1,No,Yes,2020-05-07
11117,Male,60,East,One Year,DSL,Bank Transfer,13,48.42,626.16,1.0,1,Yes,No,2025-06-10
11118,Female,74,South,Month-to-Month,No Internet,Mailed Check,56,62.82,3343.98,5.0,0,Yes,No,2021-06-08
11119,Male,58,East,One Year,Fiber Optic,Electronic Check,44,97.32,4296.18,1.0,4,No,No,2024-10-21
11120,Male,59,West,Month-to-Month,No Internet,Credit Card,30,54.18,1587.98,2.0,0,No,No,2022-01-26
11121,Female,67,North,Two Year,Fiber Optic,Electronic Check,16,92.43,1429.36,3.0,0,Yes,Yes,2022-06-12
11122,Female,37,East,One Year,Fiber Optic,Electronic Check,12,84.23,982.96,1.0,1,No,No,2024-05-10
11123,Female,62,South,Month-to-Month,DSL,Credit Card,66,67.78,4429.82,4.0,1,Yes,No,2020-03-28
11124,Female,57,North,Month-to-Month,DSL,Credit Card,18,68.87,1316.34,1.0,1,No,No,2024-05-06
11125,Female,56,South,Month-to-Month,DSL,Electronic Check,13,89.64,1208.96,4.0,2,No,No,2024-11-22
11126,Female,66,East,Two Year,DSL,Electronic Check,24,58.43,1439.99,0.0,1,Yes,No,2021-09-28
11127,Male,70,East,One Year,Fiber Optic,Credit Card,12,59.0,704.74,2.0,1,Yes,Yes,2025-12-19
11128,Male,40,East,Month-to-Month,DSL,Mailed Check,60,73.68,4068.43,3.0,1,No,No,2020-06-25
11129,Male,64,West,Month-to-Month,Fiber Optic,Bank Transfer,60,71.15,4160.09,4.0,0,Yes,No,2024-04-18
11130,Male,49,North,One Year,DSL,Electronic Check,1,47.02,49.38,1.0,1,No,No,2020-01-22
11131,Female,69,South,One Year,Fiber Optic,Mailed Check,43,43.73,1846.74,1.0,1,Yes,No,2021-10-14
11132,Male,64,North,One Year,No Internet,Bank Transfer,55,95.28,5293.91,1.0,1,Yes,No,2022-02-21
11133,Male,50,South,Month-to-Month,DSL,Mailed Check,40,88.56,3375.05,2.0,0,No,No,2020-06-16
11134,Male,74,North,One Year,DSL,Credit Card,64,107.19,7316.62,3.0,3,Yes,No,2022-11-27
11135,Female,63,West,One Year,No Internet,Credit Card,34,72.07,2616.29,1.0,1,Yes,No,2022-05-22
11136,Male,22,East,Two Year,DSL,Mailed Check,34,93.96,3013.73,3.0,5,No,No,2024-11-16
11137,Female,60,North,Two Year,Fiber Optic,Electronic Check,48,58.41,2904.24,3.0,1,Yes,No,2024-11-05
11138,Male,65,East,One Year,Fiber Optic,Mailed Check,33,39.3,1208.76,1.0,0,Yes,No,2024-05-09
11139,Male,51,East,One Year,DSL,Bank Transfer,68,53.21,3675.33,3.0,2,No,No,2023-10-28
11140,Female,57,North,Month-to-Month,Fiber Optic,Mailed Check,30,81.85,2329.25,2.0,0,No,No,2021-09-23
11141,Female,28,South,Two Year,DSL,Electronic Check,71,76.01,5090.79,3.0,3,No,Yes,2024-05-20
11142,Male,67,East,Month-to-Month,Fiber Optic,Electronic Check,71,119.02,7779.96,1.0,2,Yes,No,2023-12-21
11143,Female,20,South,Month-to-Month,Fiber Optic,Electronic Check,29,95.05,2950.88,1.0,0,No,Yes,2025-02-06
11144,Female,75,South,Month-to-Month,DSL,Mailed Check,23,128.43,3109.5,1.0,0,Yes,Yes,2021-12-22
11145,Male,50,West,Two Year,No Internet,Electronic Check,34,70.0,2219.1,1.0,1,No,No,2021-03-15
11146,Female,28,East,Month-to-Month,DSL,Credit Card,15,74.52,1135.57,4.0,1,No,Yes,2020-08-30
11147,Female,33,East,Month-to-Month,No Internet,Credit Card,53,80.46,4082.14,4.0,0,No,No,2021-06-26
11148,Female,35,North,Month-to-Month,No Internet,Credit Card,17,81.47,1332.7,4.0,0,No,No,2020-10-03
11149,Female,47,North,Month-to-Month,Fiber Optic,Electronic Check,64,96.11,6519.29,1.0,2,No,No,2021-07-03
11150,Female,65,South,Month-to-Month,Fiber Optic,Credit Card,61,56.19,3216.08,0.0,0,Yes,No,2023-08-24
11151,Female,72,North,Two Year,DSL,Bank Transfer,57,88.3,5114.83,2.0,1,Yes,No,2021-02-06
11152,Female,27,East,Two Year,No Internet,Electronic Check,37,129.64,4720.9,1.0,4,No,No,2023-12-24
11153,Female,35,East,Month-to-Month,DSL,Mailed Check,7,49.93,332.22,7.0,2,No,No,2022-09-23
11154,Female,55,North,Two Year,No Internet,Bank Transfer,8,65.97,523.7,1.0,0,No,No,2020-03-16
11155,Female,36,East,One Year,Fiber Optic,Bank Transfer,68,52.68,3834.71,1.0,1,No,No,2024-01-13
11156,Female,53,West,Month-to-Month,Fiber Optic,,21,105.8,2321.91,1.0,2,No,No,2025-09-16
11157,Male,30,West,One Year,DSL,Electronic Check,61,90.77,5211.05,1.0,0,No,No,2020-11-13
11158,Female,73,East,Two Year,Fiber Optic,Credit Card,29,44.4,1359.59,2.0,1,Yes,No,2023-04-01
11159,Female,63,East,Month-to-Month,Fiber Optic,Bank Transfer,25,54.19,1449.57,3.0,0,Yes,No,2023-10-13
11160,Male,20,West,Month-to-Month,Fiber Optic,Electronic Check,58,34.96,1955.32,3.0,3,No,Yes,2025-05-16
11161,Female,27,East,Two Year,Fiber Optic,Credit Card,14,121.26,1652.39,2.0,0,No,No,2020-11-24
11162,Male,55,East,One Year,DSL,Electronic Check,66,51.03,3166.61,0.0,1,No,No,2025-01-28
11163,Male,18,North,Month-to-Month,No Internet,Bank Transfer,54,68.64,3614.6,1.0,1,No,No,2025-03-19
11164,Female,72,South,One Year,No Internet,Credit Card,67,62.83,4326.23,0.0,1,Yes,No,2025-05-02
11165,Male,73,East,Month-to-Month,DSL,Credit Card,30,96.71,2795.53,2.0,0,Yes,No,2021-04-20
11166,Female,44,South,Two Year,Fiber Optic,Electronic Check,18,98.51,1633.26,0.0,2,No,No,2024-10-18
11167,Female,63,West,One Year,DSL,Mailed Check,54,87.17,4585.58,1.0,1,Yes,No,2024-10-03
11168,Male,25,West,Month-to-Month,Fiber Optic,Electronic Check,21,66.7,1390.21,6.0,0,No,Yes,2024-12-18
11169,Male,68,South,One Year,Fiber Optic,Bank Transfer,53,104.03,5572.13,2.0,1,Yes,No,2025-05-08
11170,Male,63,North,One Year,Fiber Optic,Credit Card,16,110.21,1815.22,3.0,1,Yes,No,2023-03-21
11171,Female,59,South,Month-to-Month,No Internet,Bank Transfer,28,88.29,2298.79,2.0,0,No,No,2021-06-21
11172,Female,34,East,One Year,No Internet,Electronic Check,4,39.77,158.31,3.0,1,No,No,2024-11-24
11173,Female,26,East,Two Year,DSL,Bank Transfer,55,38.76,2052.11,1.0,1,No,Yes,2023-04-05
11174,Male,23,South,Month-to-Month,DSL,Credit Card,15,115.43,1855.55,1.0,0,No,No,2024-02-04
11175,Female,60,West,One Year,Fiber Optic,Credit Card,64,135.6,8483.86,2.0,0,Yes,No,2025-12-27
11176,Female,42,East,Month-to-Month,DSL,Bank Transfer,65,70.25,4274.1,2.0,0,No,No,2025-10-21
11177,Female,56,North,Month-to-Month,DSL,Bank Transfer,16,70.22,1041.1,2.0,1,No,Yes,2021-03-03
11178,Male,66,South,Month-to-Month,Fiber Optic,Bank Transfer,20,90.94,1750.53,4.0,1,Yes,No,2023-06-13
11179,Female,45,South,Month-to-Month,Fiber Optic,Mailed Check,64,101.48,6161.03,5.0,0,No,Yes,2024-09-26
11180,Female,50,West,Two Year,No Internet,Electronic Check,33,30.94,1045.49,4.0,1,No,No,2021-08-22
11181,Female,71,South,Month-to-Month,DSL,Mailed Check,69,77.76,5663.3,2.0,0,Yes,No,2020-04-06
11182,Male,54,East,One Year,No Internet,Electronic Check,69,46.23,3094.2,2.0,0,No,No,2021-04-22
11183,Female,26,East,Month-to-Month,DSL,Bank Transfer,58,71.49,4198.03,4.0,1,No,No,2024-08-28
11184,Female,35,North,Two Year,No Internet,Credit Card,39,44.9,1815.63,1.0,0,No,No,2022-10-18
11185,Male,73,East,One Year,Fiber Optic,Credit Card,36,70.79,2507.05,3.0,0,Yes,No,2021-05-05
11186,Female,38,West,One Year,Fiber Optic,,68,91.54,5792.8,4.0,1,No,No,2023-08-12
11187,Female,19,North,Month-to-Month,Fiber Optic,Credit Card,21,71.57,1437.85,3.0,0,No,No,2021-02-09
11188,Male,75,West,Month-to-Month,Fiber Optic,Electronic Check,63,59.53,3980.25,0.0,1,Yes,No,2021-12-15
11189,Male,60,East,Month-to-Month,DSL,Credit Card,6,108.34,683.79,1.0,1,Yes,Yes,2023-07-22
11190,Female,55,East,Two Year,DSL,Electronic Check,24,39.89,894.03,0.0,1,No,No,2022-11-09
11191,Male,75,West,Month-to-Month,DSL,Credit Card,53,20.0,1013.18,2.0,1,Yes,No,2021-08-07
11192,Female,57,West,One Year,Fiber Optic,,50,101.22,5278.96,2.0,0,No,No,2022-08-11
11193,Male,53,South,One Year,No Internet,Electronic Check,12,64.76,775.37,4.0,1,No,No,2025-07-23
11194,Female,67,South,Month-to-Month,Fiber Optic,Electronic Check,56,86.27,5032.07,3.0,1,Yes,Yes,2021-08-16
11195,Male,60,West,One Year,Fiber Optic,Credit Card,15,90.95,1301.19,3.0,0,Yes,No,2025-01-05
11196,Female,54,South,One Year,DSL,Bank Transfer,40,103.77,4451.45,1.0,0,No,No,2020-12-21
11197,Female,32,East,One Year,DSL,Mailed Check,41,118.59,5082.82,5.0,0,No,No,2025-09-05
11198,Female,45,East,Month-to-Month,Fiber Optic,Electronic Check,69,93.34,6128.69,1.0,1,No,No,2024-08-03
11199,Female,35,South,Month-to-Month,Fiber Optic,Bank Transfer,69,57.61,4012.26,1.0,0,No,No,2020-04-21
11200,Male,51,West,Month-to-Month,DSL,Bank Transfer,6,75.65,425.8,3.0,1,No,No,2021-01-09
11201,Female,39,South,Two Year,Fiber Optic,Credit Card,67,96.73,6337.23,3.0,3,No,No,2023-08-31
11202,Male,28,West,One Year,Fiber Optic,Bank Transfer,33,112.09,3793.44,3.0,2,No,No,2022-04-24
11203,Male,75,South,Month-to-Month,DSL,Electronic Check,43,75.43,3155.33,1.0,1,Yes,No,2025-12-13
11204,Male,74,West,Two Year,Fiber Optic,Credit Card,21,67.99,1463.6,5.0,1,Yes,No,2023-10-15
11205,Male,30,West,Month-to-Month,Fiber Optic,Credit Card,65,64.33,4010.7,2.0,1,No,No,2020-12-27
11206,Female,21,West,Two Year,DSL,Electronic Check,17,64.09,1128.09,3.0,2,No,No,2021-11-09
11207,Female,39,North,Two Year,No Internet,Bank Transfer,8,29.47,230.46,2.0,2,No,No,2022-09-09
11208,Male,24,North,Two Year,No Internet,Credit Card,64,76.86,5147.66,1.0,0,No,No,2024-09-27
11209,Male,60,South,Two Year,Fiber Optic,Electronic Check,28,86.43,2279.36,2.0,2,Yes,No,2025-07-29
11210,Female,71,East,Month-to-Month,Fiber Optic,Credit Card,13,91.31,1160.82,2.0,2,Yes,Yes,2024-09-14
11211,Male,41,East,Month-to-Month,Fiber Optic,Bank Transfer,13,104.94,1356.35,2.0,0,No,Yes,2023-07-11
11212,Male,21,West,One Year,Fiber Optic,Bank Transfer,38,123.27,4627.18,0.0,1,No,No,2022-03-10
11213,Male,45,North,Month-to-Month,DSL,Bank Transfer,25,70.24,1737.2,2.0,1,No,Yes,2020-10-01
11214,Female,32,South,Month-to-Month,DSL,Credit Card,62,73.92,4542.57,2.0,1,No,No,2024-07-11
11215,Female,18,West,One Year,DSL,Credit Card,23,62.76,1556.37,2.0,1,No,No,2023-08-29
11216,Male,72,North,Month-to-Month,Fiber Optic,Credit Card,21,100.79,2012.68,1.0,2,Yes,No,2022-06-24
11217,Male,20,West,Two Year,Fiber Optic,Electronic Check,54,81.81,4607.64,0.0,1,No,No,2025-02-25
11218,Female,31,North,Two Year,DSL,Credit Card,63,95.88,6090.49,,3,No,Yes,2021-05-06
11219,Female,55,South,Two Year,Fiber Optic,Credit Card,30,110.35,3264.75,0.0,0,No,No,2023-11-28
11220,Male,67,East,One Year,DSL,Credit Card,68,79.9,5549.28,1.0,0,Yes,No,2021-10-20
11221,Female,74,West,Two Year,DSL,Mailed Check,32,65.01,2197.99,0.0,0,Yes,Yes,2021-06-24
11222,Male,18,South,Two Year,DSL,Bank Transfer,24,,1436.37,1.0,0,No,No,2020-11-15
11223,Male,55,South,One Year,Fiber Optic,Electronic Check,7,99.01,733.52,1.0,3,No,No,2025-07-29
11224,Female,55,North,Month-to-Month,DSL,Electronic Check,72,84.08,5660.31,3.0,0,No,No,2021-03-31
11225,Male,38,West,Two Year,Fiber Optic,Electronic Check,1,75.16,77.0,2.0,1,No,No,2021-10-12
11226,Female,65,East,Two Year,Fiber Optic,Bank Transfer,3,89.21,260.49,1.0,1,Yes,No,2023-08-05
11227,Male,46,West,Month-to-Month,DSL,Bank Transfer,28,52.64,1447.2,3.0,2,No,No,2023-07-28
11228,Male,22,South,Month-to-Month,Fiber Optic,Mailed Check,43,98.27,4273.63,2.0,0,No,Yes,2021-02-20
11229,Female,66,North,One Year,DSL,Credit Card,46,54.75,2510.41,0.0,1,Yes,No,2024-02-16
11230,Male,27,West,Month-to-Month,DSL,Bank Transfer,1,91.3,89.57,0.0,1,No,No,2022-03-14
11231,Female,45,East,Two Year,No Internet,Credit Card,38,59.08,2176.19,2.0,1,No,No,2022-03-08
11232,Male,38,East,Two Year,No Internet,Mailed Check,35,108.85,3881.87,2.0,0,No,No,2021-08-31
11233,Male,67,East,Month-to-Month,Fiber Optic,Bank Transfer,54,87.98,4755.16,3.0,0,Yes,No,2025-07-05
11234,Male,24,East,One Year,No Internet,Bank Transfer,24,77.95,1817.91,1.0,1,No,No,2024-06-19
11235,Female,20,West,Month-to-Month,DSL,Credit Card,28,37.03,987.89,1.0,1,No,No,2022-12-16
11236,Male,62,East,One Year,DSL,Bank Transfer,22,107.16,2461.05,2.0,0,Yes,No,2023-08-06
11237,Female,64,East,Month-to-Month,Fiber Optic,Credit Card,16,86.05,1442.82,1.0,1,Yes,No,2023-08-26
11238,Male,37,North,One Year,No Internet,Electronic Check,13,115.49,1432.62,1.0,3,No,No,2025-08-15
11239,Female,36,East,Month-to-Month,Fiber Optic,Electronic Check,62,88.21,5260.45,2.0,5,No,No,2020-11-05
11240,Male,52,East,Month-to-Month,No Internet,Credit Card,43,66.65,2746.33,2.0,1,No,No,2022-02-23
11241,Female,21,West,Month-to-Month,Fiber Optic,Credit Card,32,74.21,2520.84,2.0,2,No,No,2025-04-29
11242,Female,22,East,Month-to-Month,DSL,Electronic Check,67,88.05,6158.1,2.0,1,No,Yes,2022-06-23
11243,Female,18,West,One Year,Fiber Optic,Electronic Check,57,100.02,5313.07,2.0,1,No,No,2022-10-22
11244,Female,21,East,Month-to-Month,Fiber Optic,Electronic Check,65,53.65,3672.86,4.0,0,No,No,2024-06-14
11245,Female,29,South,One Year,Fiber Optic,Credit Card,69,72.78,4649.68,6.0,0,No,No,2023-10-30
11246,Female,44,South,Two Year,Fiber Optic,Electronic Check,49,100.06,4709.33,1.0,2,No,No,2024-06-02
11247,Male,73,North,Two Year,Fiber Optic,Electronic Check,33,65.89,2320.14,4.0,1,Yes,No,2022-04-02
11248,Male,59,North,Two Year,DSL,Electronic Check,19,46.57,936.41,2.0,1,No,No,2023-08-20
11249,Female,40,South,Two Year,DSL,Electronic Check,36,71.91,2705.33,2.0,1,No,No,2020-02-27
11250,Female,42,North,Month-to-Month,No Internet,Bank Transfer,70,74.18,5157.33,0.0,1,No,No,2023-06-02
11251,Female,38,East,Month-to-Month,DSL,Electronic Check,15,60.4,880.11,2.0,0,No,No,2023-12-20
11252,Male,75,West,One Year,Fiber Optic,Bank Transfer,24,131.18,3340.52,3.0,1,Yes,No,2023-05-10
11253,Male,69,South,Two Year,Fiber Optic,Credit Card,27,78.27,2166.4,1.0,0,Yes,No,2025-04-24
11254,Male,41,West,Two Year,Fiber Optic,Mailed Check,49,50.38,2387.85,0.0,2,No,Yes,2021-06-01
11255,Female,42,East,Month-to-Month,No Internet,Electronic Check,23,31.53,720.92,1.0,1,No,No,2025-09-08
11256,Male,62,North,Month-to-Month,No Internet,Electronic Check,33,97.56,3416.0,0.0,2,Yes,Yes,2020-05-30
11257,Male,72,South,Month-to-Month,Fiber Optic,Electronic Check,41,59.57,2600.03,0.0,0,Yes,No,2021-07-01
11258,Male,63,East,One Year,Fiber Optic,Electronic Check,56,87.76,5039.82,0.0,4,Yes,Yes,2025-11-27
11259,Male,49,North,One Year,No Internet,Bank Transfer,29,50.15,1508.46,2.0,2,No,No,2023-02-18
11260,Female,72,East,Month-to-Month,No Internet,Electronic Check,31,69.45,1994.25,2.0,1,Yes,No,2022-11-19
11261,Male,49,North,Month-to-Month,No Internet,Electronic Check,65,80.7,5333.29,0.0,1,No,No,2023-10-26
11262,Female,22,East,One Year,No Internet,Mailed Check,18,37.86,702.09,0.0,2,No,No,2024-09-01
11263,Male,53,West,One Year,DSL,Credit Card,6,60.61,335.75,2.0,0,No,No,2023-03-18
11264,Male,63,South,Month-to-Month,Fiber Optic,Electronic Check,52,70.16,3849.04,0.0,1,Yes,No,2021-08-22
11265,Male,59,West,Two Year,Fiber Optic,Electronic Check,40,57.87,2473.42,3.0,2,No,No,2024-02-05
11266,Male,66,North,One Year,DSL,Electronic Check,65,62.61,3899.01,1.0,2,Yes,No,2021-08-29
11267,Male,59,West,Two Year,DSL,Mailed Check,42,51.4,2278.24,2.0,2,No,No,2021-03-10
11268,Male,75,West,Two Year,DSL,Bank Transfer,68,88.82,6199.71,2.0,2,Yes,No,2024-03-11
11269,Female,56,North,Month-to-Month,Fiber Optic,Bank Transfer,32,69.11,2240.07,0.0,3,No,No,2024-09-30
11270,Male,33,East,Month-to-Month,Fiber Optic,Mailed Check,10,98.27,1036.65,4.0,1,No,Yes,2021-10-28
11271,Female,50,West,One Year,Fiber Optic,Credit Card,69,97.4,6490.07,3.0,0,No,No,2022-02-20
11272,Female,66,East,Month-to-Month,Fiber Optic,Electronic Check,9,49.47,465.95,2.0,3,Yes,Yes,2023-11-26
11273,Female,38,North,Two Year,Fiber Optic,Credit Card,69,69.36,4643.81,1.0,2,No,No,2022-04-12
11274,Male,26,South,One Year,DSL,Bank Transfer,61,69.25,4418.54,2.0,0,No,No,2020-11-21
11275,Male,23,South,Two Year,No Internet,Mailed Check,11,73.64,803.7,0.0,1,No,No,2021-07-10
11276,Male,68,West,Month-to-Month,Fiber Optic,Credit Card,68,81.09,5176.17,1.0,0,Yes,Yes,2021-05-27
11277,Male,62,East,Month-to-Month,DSL,Credit Card,8,98.05,769.53,,1,Yes,Yes,2024-08-17
11278,Female,52,West,One Year,Fiber Optic,Mailed Check,49,89.62,4204.13,4.0,1,No,Yes,2020-02-25
11279,Male,56,South,Month-to-Month,DSL,Electronic Check,24,83.14,1867.83,1.0,1,No,Yes,2022-06-30
11280,Male,39,East,One Year,Fiber Optic,Mailed Check,33,72.2,2234.04,0.0,0,No,No,2025-06-20
11281,Female,58,South,Two Year,Fiber Optic,Electronic Check,19,93.5,1856.11,2.0,0,No,No,2024-03-22
11282,Female,71,West,Month-to-Month,No Internet,Credit Card,2,120.41,255.52,2.0,1,Yes,Yes,2020-01-20
11283,Female,22,South,One Year,Fiber Optic,Electronic Check,55,100.16,5885.28,3.0,3,No,No,2022-07-09
11284,Male,59,South,Month-to-Month,Fiber Optic,Credit Card,11,114.58,1331.76,4.0,0,No,Yes,2020-01-01
11285,Male,40,South,Month-to-Month,Fiber Optic,Credit Card,17,79.71,1426.67,3.0,1,No,No,2022-04-27
11286,Male,34,West,Two Year,Fiber Optic,Credit Card,42,105.11,4110.07,2.0,1,No,No,2023-06-06
11287,Male,29,East,Two Year,Fiber Optic,Mailed Check,61,107.29,6848.49,1.0,2,No,No,2021-12-25
11288,Male,40,West,Month-to-Month,No Internet,Bank Transfer,3,78.14,245.05,2.0,1,No,Yes,2023-07-30
11289,Male,33,West,Two Year,DSL,Bank Transfer,35,65.13,2145.07,0.0,2,No,No,2022-01-29
11290,Male,20,East,One Year,DSL,Electronic Check,66,34.62,2344.15,0.0,1,No,No,2023-02-16
11291,Male,47,West,Month-to-Month,Fiber Optic,Mailed Check,1,86.19,85.54,3.0,0,No,Yes,2025-03-29
11292,Male,74,West,Month-to-Month,Fiber Optic,Electronic Check,7,101.13,753.22,0.0,0,Yes,Yes,2020-08-14
11293,Female,39,North,Two Year,Fiber Optic,Electronic Check,20,62.87,1296.71,3.0,1,No,No,2021-12-02
11294,Female,26,North,Month-to-Month,Fiber Optic,Electronic Check,43,55.25,2547.18,4.0,2,No,No,2020-11-03
11295,Female,46,East,One Year,DSL,Credit Card,6,74.55,419.03,4.0,0,No,No,2024-02-26
11296,Male,64,South,One Year,Fiber Optic,Mailed Check,55,92.77,4727.31,0.0,0,Yes,Yes,2024-03-11
11297,Male,54,East,One Year,No Internet,Electronic Check,21,38.32,865.7,3.0,2,No,No,2025-01-18
11298,Male,40,West,Month-to-Month,Fiber Optic,Credit Card,51,88.02,4187.5,4.0,1,No,No,2023-01-17
11299,Female,30,West,Month-to-Month,Fiber Optic,Bank Transfer,46,94.25,4256.56,5.0,1,No,Yes,2021-10-14
11300,Female,49,South,Month-to-Month,Fiber Optic,Bank Transfer,35,120.03,4301.86,0.0,0,No,No,2022-03-07
11301,Male,63,East,One Year,Fiber Optic,Bank Transfer,8,75.09,637.25,1.0,0,Yes,No,2021-04-24
11302,Female,69,West,One Year,Fiber Optic,Electronic Check,68,139.16,9091.3,0.0,1,Yes,No,2024-11-14
11303,Male,64,North,One Year,Fiber Optic,Bank Transfer,16,88.35,1307.08,1.0,0,Yes,No,2022-06-15
11304,Female,65,East,One Year,Fiber Optic,Electronic Check,67,56.95,3828.65,1.0,0,Yes,No,2021-08-08
11305,Female,40,North,Month-to-Month,DSL,Mailed Check,71,63.75,4505.33,4.0,0,No,No,2023-10-10
11306,Female,62,South,Two Year,DSL,Credit Card,64,39.18,2430.04,2.0,0,Yes,No,2020-09-18
11307,Female,34,South,One Year,Fiber Optic,Bank Transfer,2,82.82,175.55,2.0,0,No,No,2023-04-14
11308,Female,72,East,Month-to-Month,Fiber Optic,Electronic Check,1,98.71,102.65,1.0,0,Yes,No,2024-05-30
11309,Male,57,East,Month-to-Month,DSL,Electronic Check,58,78.7,4826.15,3.0,1,No,No,2023-09-08
11310,Female,38,West,Two Year,No Internet,Electronic Check,1,38.75,36.65,2.0,4,No,No,2021-11-25
11311,Male,19,West,Two Year,DSL,Credit Card,7,35.64,257.16,1.0,1,No,No,2025-01-21
11312,Female,54,East,Month-to-Month,Fiber Optic,Electronic Check,69,97.48,7237.41,1.0,1,No,No,2022-11-07
11313,Female,23,East,One Year,DSL,Bank Transfer,18,88.1,1614.2,2.0,0,No,Yes,2022-01-13
11314,Female,61,South,Month-to-Month,DSL,Electronic Check,32,59.78,1812.37,4.0,2,Yes,Yes,2020-08-30
11315,Male,35,South,Month-to-Month,Fiber Optic,Bank Transfer,45,23.56,1144.3,2.0,1,No,No,2023-12-20
11316,Female,47,East,One Year,No Internet,Electronic Check,33,43.04,1426.76,2.0,2,No,No,2025-10-01
11317,Male,39,West,One Year,Fiber Optic,Electronic Check,49,111.66,5769.03,2.0,2,No,Yes,2023-06-03
11318,Female,71,West,One Year,No Internet,Bank Transfer,33,53.54,1667.7,3.0,0,Yes,No,2024-10-03
11319,Male,50,East,Month-to-Month,DSL,Bank Transfer,71,63.32,4615.2,1.0,3,No,No,2025-04-02
11320,Male,47,North,Month-to-Month,DSL,Credit Card,68,85.83,6221.75,3.0,0,No,No,2020-11-14
11321,Male,34,North,Month-to-Month,DSL,Electronic Check,28,64.34,1810.75,4.0,1,No,No,2023-10-24
11322,Male,60,South,Month-to-Month,Fiber Optic,Credit Card,53,121.94,6244.28,3.0,0,Yes,No,2020-09-04
11323,Female,49,North,Month-to-Month,DSL,Credit Card,44,62.66,2592.69,4.0,0,No,No,2020-06-25
11324,Male,59,North,Month-to-Month,No Internet,Electronic Check,55,50.48,2685.75,3.0,1,No,No,2024-08-12
11325,Female,68,North,Month-to-Month,DSL,Bank Transfer,10,101.56,992.02,2.0,0,Yes,No,2025-04-15
11326,Male,31,East,Month-to-Month,No Internet,Credit Card,14,73.2,1059.23,2.0,1,No,Yes,2020-01-13
11327,Male,75,North,One Year,No Internet,Electronic Check,36,45.04,1538.06,2.0,1,Yes,No,2020-10-15
11328,Female,27,West,Month-to-Month,No Internet,Mailed Check,34,83.8,2669.63,5.0,1,No,Yes,2021-03-06
11329,Female,64,East,Month-to-Month,DSL,Bank Transfer,18,64.64,1142.47,3.0,0,Yes,No,2023-09-24
11330,Male,68,East,One Year,DSL,Electronic Check,16,43.35,689.01,3.0,0,Yes,No,2025-09-12
11331,Female,53,West,Month-to-Month,Fiber Optic,Credit Card,37,89.38,3374.99,1.0,2,No,No,2023-09-09
11332,Female,51,South,One Year,DSL,Electronic Check,41,68.05,2882.69,5.0,2,No,No,2024-04-23
11333,Male,26,East,Month-to-Month,Fiber Optic,Bank Transfer,25,44.81,1190.02,1.0,1,No,No,2024-01-19
11334,Female,59,East,Month-to-Month,Fiber Optic,Bank Transfer,8,60.52,467.81,2.0,1,No,No,2023-06-02
11335,Female,45,West,Month-to-Month,Fiber Optic,Electronic Check,18,133.63,2416.35,3.0,3,No,Yes,2021-10-02
11336,Female,28,North,Month-to-Month,No Internet,Electronic Check,68,74.03,4926.14,3.0,0,No,No,2020-05-12
11337,Male,31,East,One Year,No Internet,Electronic Check,48,105.67,4667.54,6.0,1,No,Yes,2025-01-28
11338,Female,56,South,Two Year,DSL,Credit Card,70,74.72,5296.87,2.0,0,No,No,2025-05-08
11339,Male,72,South,Month-to-Month,Fiber Optic,Bank Transfer,67,117.93,8300.54,3.0,0,Yes,Yes,2022-09-08
11340,Male,64,North,Month-to-Month,DSL,Electronic Check,18,85.89,1431.35,2.0,1,Yes,Yes,2023-05-29
11341,Male,71,North,One Year,DSL,Electronic Check,18,48.34,801.0,3.0,1,Yes,No,2021-02-04
11342,Male,36,East,Month-to-Month,Fiber Optic,Electronic Check,56,102.17,5930.07,3.0,2,No,No,2021-08-28
11343,Female,71,West,Two Year,Fiber Optic,Electronic Check,23,58.18,1377.5,4.0,2,Yes,No,2021-09-02
11344,Female,32,South,Month-to-Month,Fiber Optic,Credit Card,35,110.23,3799.93,2.0,1,No,No,2022-12-19
11345,Female,45,East,Two Year,DSL,Credit Card,6,72.44,445.88,1.0,1,No,No,2020-05-11
11346,Male,41,East,Month-to-Month,DSL,Bank Transfer,26,72.47,2020.9,0.0,0,No,No,2021-01-27
11347,Male,25,North,Month-to-Month,Fiber Optic,Mailed Check,61,76.04,4451.32,5.0,0,No,No,2022-03-23
11348,Male,60,East,Two Year,No Internet,Mailed Check,15,86.96,1251.37,3.0,1,Yes,No,2021-08-03
11349,Female,26,South,One Year,Fiber Optic,Credit Card,32,83.06,2524.48,1.0,2,No,No,2025-08-23
11350,Male,64,East,Month-to-Month,Fiber Optic,Bank Transfer,12,39.25,487.88,3.0,1,Yes,Yes,2021-02-14
11351,Female,50,South,One Year,Fiber Optic,Mailed Check,5,44.14,215.52,0.0,3,No,No,2020-12-10
11352,Female,50,West,One Year,Fiber Optic,Electronic Check,64,55.27,3813.86,2.0,1,No,No,2022-03-14
11353,Male,36,South,Month-to-Month,Fiber Optic,Electronic Check,71,106.6,7828.53,3.0,1,No,No,2023-01-01
11354,Female,20,West,One Year,Fiber Optic,Electronic Check,27,108.51,2867.6,1.0,2,No,No,2020-07-12
11355,Male,27,West,Month-to-Month,DSL,Credit Card,45,80.12,3403.03,0.0,4,No,No,2022-07-26
11356,Female,57,South,Two Year,Fiber Optic,Bank Transfer,35,89.86,3191.41,3.0,0,No,No,2024-05-11
11357,Female,64,West,Two Year,DSL,Credit Card,26,103.15,2593.89,1.0,1,Yes,No,2023-04-30
11358,Male,59,West,Month-to-Month,DSL,Credit Card,23,80.57,1973.34,4.0,0,No,No,2022-08-27
11359,Male,18,North,Month-to-Month,Fiber Optic,Credit Card,13,102.95,1325.8,0.0,0,No,No,2021-08-23
11360,Female,46,North,Month-to-Month,DSL,Electronic Check,3,71.73,208.05,2.0,1,No,No,2020-12-25
11361,Female,67,West,Month-to-Month,Fiber Optic,Electronic Check,29,75.47,2219.64,0.0,1,Yes,Yes,2025-01-19
11362,Male,51,South,Two Year,No Internet,Electronic Check,66,59.99,3729.37,1.0,0,No,No,2023-08-25
11363,Female,68,West,Month-to-Month,No Internet,Electronic Check,64,123.27,7966.97,2.0,3,Yes,No,2021-02-24
11364,Female,30,West,Month-to-Month,Fiber Optic,Bank Transfer,28,59.83,1556.26,2.0,0,No,No,2022-02-20
11365,Female,71,South,Two Year,No Internet,Bank Transfer,36,74.86,2741.05,1.0,0,Yes,No,2023-12-05
11366,Male,18,North,Two Year,DSL,Bank Transfer,6,29.12,175.56,1.0,1,No,No,2020-08-30
11367,Female,51,South,Month-to-Month,No Internet,Bank Transfer,11,56.74,626.21,3.0,0,No,No,2022-10-13
11368,Female,46,South,One Year,DSL,Bank Transfer,38,91.35,3573.59,5.0,0,No,No,2021-04-04
11369,Male,65,West,One Year,Fiber Optic,Bank Transfer,34,41.75,1316.04,2.0,0,Yes,No,2024-02-22
11370,Male,64,East,Two Year,No Internet,Bank Transfer,67,89.62,5965.85,2.0,0,Yes,No,2021-06-15
11371,Female,30,East,One Year,Fiber Optic,Bank Transfer,46,138.19,6299.82,2.0,2,No,Yes,2025-05-31
11372,Male,65,North,One Year,Fiber Optic,Credit Card,29,96.13,2769.83,1.0,1,Yes,No,2024-03-29
11373,Female,66,South,Month-to-Month,Fiber Optic,Credit Card,60,118.55,7659.15,4.0,3,Yes,Yes,2024-11-07
11374,Male,70,East,Month-to-Month,Fiber Optic,Bank Transfer,54,93.2,4742.33,0.0,2,Yes,Yes,2020-10-17
11375,Male,46,East,One Year,DSL,Electronic Check,69,89.78,6383.57,1.0,1,No,No,2025-06-04
11376,Female,56,East,Two Year,DSL,Credit Card,9,78.34,694.0,3.0,1,No,No,2021-10-20
11377,Male,41,South,Two Year,No Internet,Credit Card,10,54.25,543.52,1.0,0,No,Yes,2021-07-07
11378,Male,43,West,Two Year,Fiber Optic,Electronic Check,68,67.01,4747.98,4.0,3,No,No,2021-05-27
11379,Male,34,West,One Year,No Internet,Mailed Check,58,101.54,5566.47,0.0,1,No,No,2024-06-27
11380,Female,24,West,One Year,No Internet,Electronic Check,52,70.94,3844.45,1.0,1,No,No,2020-09-11
11381,Male,30,South,Two Year,Fiber Optic,Electronic Check,34,78.46,2484.25,0.0,1,No,No,2021-12-21
11382,Male,22,North,One Year,Fiber Optic,Electronic Check,35,82.94,2895.15,2.0,1,No,No,2024-10-19
11383,Female,43,North,Month-to-Month,DSL,Bank Transfer,33,79.66,2730.6,2.0,1,No,Yes,2025-05-19
11384,Male,66,East,Month-to-Month,DSL,Credit Card,72,42.36,2899.89,7.0,0,Yes,Yes,2020-02-20
11385,Female,20,West,Two Year,DSL,Bank Transfer,32,62.45,2085.02,1.0,0,No,No,2022-03-10
11386,Male,24,North,Month-to-Month,DSL,Bank Transfer,55,79.76,4152.94,5.0,0,No,No,2020-04-09
11387,Female,75,South,Two Year,DSL,Credit Card,8,35.02,293.57,3.0,0,Yes,No,2024-10-13
11388,Male,66,East,Month-to-Month,Fiber Optic,Electronic Check,46,92.23,4221.49,4.0,2,Yes,Yes,2020-08-24
11389,Female,56,East,One Year,DSL,Electronic Check,14,49.56,714.34,0.0,1,No,No,2021-04-16
11390,Male,70,East,One Year,Fiber Optic,Bank Transfer,8,94.81,809.14,0.0,2,Yes,No,2023-11-22
11391,Male,18,West,One Year,DSL,Bank Transfer,71,125.96,8812.12,2.0,2,No,No,2025-12-03
11392,Male,66,South,Month-to-Month,DSL,Electronic Check,54,68.98,3565.77,2.0,2,Yes,Yes,2020-05-18
11393,Male,34,East,Two Year,DSL,Electronic Check,21,40.03,890.01,6.0,4,No,No,2025-10-23
11394,Male,60,West,One Year,No Internet,Electronic Check,14,77.93,1031.95,1.0,3,Yes,No,2023-10-15
11395,Male,42,West,Month-to-Month,Fiber Optic,Bank Transfer,2,98.86,201.88,1.0,1,No,Yes,2021-02-09
11396,Female,20,East,One Year,DSL,Electronic Check,61,48.58,3164.06,3.0,1,No,No,2024-09-08
11397,Male,32,West,Month-to-Month,DSL,Electronic Check,17,29.04,507.46,0.0,2,No,No,2022-08-08
11398,Male,46,East,Month-to-Month,No Internet,Credit Card,48,48.65,2221.5,5.0,0,No,No,2023-09-19
11399,Female,70,West,Month-to-Month,DSL,Bank Transfer,8,70.79,534.81,1.0,0,Yes,No,2020-11-24
11400,Female,60,North,Two Year,Fiber Optic,Bank Transfer,56,70.62,3797.99,2.0,1,Yes,No,2024-08-25
11401,Male,49,West,Month-to-Month,No Internet,Credit Card,17,98.94,1652.76,2.0,2,No,Yes,2023-08-16
11402,Male,43,East,One Year,DSL,Bank Transfer,69,84.93,5540.59,1.0,0,No,No,2024-08-26
11403,Male,33,South,Month-to-Month,Fiber Optic,Credit Card,12,89.55,1125.8,4.0,0,No,Yes,2025-11-06
11404,Female,42,North,Month-to-Month,DSL,Mailed Check,38,28.38,1053.77,4.0,0,No,No,2020-01-15
11405,Female,71,South,Two Year,No Internet,Electronic Check,18,82.76,1593.62,1.0,0,Yes,No,2021-09-25
11406,Male,45,East,One Year,DSL,Credit Card,26,121.48,3331.56,0.0,1,No,Yes,2025-02-26
11407,Female,26,East,Two Year,Fiber Optic,Credit Card,37,103.56,4082.36,0.0,0,No,No,2024-01-25
11408,Female,73,East,Month-to-Month,No Internet,Electronic Check,70,55.56,3761.32,1.0,2,Yes,No,2023-02-02
11409,Female,73,East,Month-to-Month,DSL,Bank Transfer,41,68.59,2845.37,2.0,1,Yes,No,2024-08-21
11410,Female,18,West,Two Year,DSL,Electronic Check,42,78.48,3202.0,1.0,0,No,No,2021-01-26
11411,Male,46,South,One Year,Fiber Optic,Credit Card,41,121.67,4794.48,2.0,1,No,No,2025-12-28
11412,Male,74,West,Month-to-Month,Fiber Optic,Credit Card,47,69.36,3315.78,3.0,0,Yes,Yes,2020-06-17
11413,Male,39,West,Month-to-Month,DSL,Electronic Check,14,60.36,888.04,3.0,2,No,No,2025-08-14
11414,Male,33,North,Two Year,DSL,Credit Card,1,65.92,61.63,0.0,2,No,No,2021-09-10
11415,Female,58,East,Month-to-Month,Fiber Optic,Credit Card,17,83.73,1372.34,3.0,0,No,Yes,2023-03-31
11416,Female,68,North,One Year,Fiber Optic,Bank Transfer,55,106.81,5597.4,0.0,0,Yes,No,2022-02-07
11417,Male,61,North,Month-to-Month,Fiber Optic,Bank Transfer,53,93.56,5195.39,2.0,0,Yes,Yes,2021-01-16
11418,Male,68,South,Month-to-Month,DSL,Electronic Check,31,37.07,1228.85,2.0,0,Yes,Yes,2021-04-26
11419,Male,71,South,Two Year,Fiber Optic,Credit Card,62,65.58,3792.69,2.0,0,Yes,No,2023-06-22
11420,Female,58,East,Month-to-Month,Fiber Optic,Mailed Check,8,71.3,559.38,1.0,0,No,Yes,2021-09-16
11421,Male,24,West,Month-to-Month,Fiber Optic,Electronic Check,30,31.63,1011.83,2.0,0,No,Yes,2024-09-09
11422,Male,31,South,Two Year,DSL,Credit Card,66,90.24,5807.79,3.0,1,No,No,2021-05-08
11423,Male,46,South,Month-to-Month,Fiber Optic,Bank Transfer,45,90.31,4202.23,4.0,1,No,No,2024-03-26
11424,Male,36,West,Month-to-Month,Fiber Optic,Bank Transfer,18,73.48,1238.13,5.0,2,No,Yes,2020-10-08
11425,Female,36,South,One Year,No Internet,Electronic Check,45,94.57,4217.78,2.0,1,No,No,2022-04-10
11426,Female,19,East,Month-to-Month,Fiber Optic,Credit Card,19,94.53,1797.02,4.0,2,No,Yes,2021-03-05
11427,Male,58,South,Month-to-Month,Fiber Optic,Credit Card,68,54.85,3883.57,3.0,1,No,No,2022-05-07
11428,Female,62,East,Month-to-Month,No Internet,Mailed Check,50,87.24,4214.62,3.0,0,Yes,No,2020-09-09
11429,Female,32,North,One Year,Fiber Optic,Electronic Check,25,121.32,2918.57,1.0,2,No,Yes,2021-07-16
11430,Female,20,South,One Year,DSL,Mailed Check,38,68.5,2520.94,1.0,1,No,No,2022-12-02
11431,Male,28,East,One Year,Fiber Optic,Credit Card,36,85.32,3098.89,1.0,1,No,No,2024-03-14
11432,Male,70,West,Month-to-Month,DSL,Electronic Check,68,74.69,5384.47,2.0,4,Yes,No,2021-06-20
11433,Male,63,West,One Year,Fiber Optic,Credit Card,56,56.55,3334.48,5.0,0,Yes,No,2022-07-24
11434,Female,47,South,Two Year,DSL,Bank Transfer,39,70.54,2556.48,1.0,1,No,No,2024-08-15
11435,Male,74,South,One Year,Fiber Optic,Electronic Check,63,64.71,4323.91,2.0,2,Yes,No,2024-02-07
11436,Male,57,North,One Year,Fiber Optic,Electronic Check,7,86.84,568.5,1.0,2,No,No,2025-01-13
11437,Male,35,North,One Year,DSL,Mailed Check,58,76.15,4356.88,1.0,2,No,No,2022-06-01
11438,Female,68,South,Two Year,No Internet,Mailed Check,59,80.27,4937.04,3.0,1,Yes,No,2022-03-27
11439,Male,65,West,Two Year,Fiber Optic,Electronic Check,48,96.19,4307.97,1.0,2,Yes,No,2025-09-23
11440,Female,19,West,Month-to-Month,DSL,Electronic Check,5,48.81,226.1,1.0,3,No,No,2022-05-29
11441,Female,49,North,Month-to-Month,Fiber Optic,Bank Transfer,36,91.69,3211.05,1.0,2,No,No,2021-11-08
11442,Male,25,West,Month-to-Month,DSL,Credit Card,25,95.9,2485.7,2.0,2,No,No,2023-02-05
11443,Female,39,East,Month-to-Month,Fiber Optic,Electronic Check,45,58.17,2626.76,1.0,1,No,No,2024-03-07
11444,Male,23,East,Month-to-Month,DSL,Mailed Check,19,115.63,2167.79,6.0,2,No,Yes,2025-03-03
11445,Female,29,East,Two Year,Fiber Optic,Electronic Check,7,57.69,424.06,1.0,1,No,No,2024-09-16
11446,Male,64,South,Month-to-Month,Fiber Optic,Bank Transfer,58,127.69,7722.06,7.0,1,Yes,No,2025-03-18
11447,Female,74,West,One Year,Fiber Optic,Credit Card,66,63.13,4357.27,5.0,0,Yes,No,2020-08-11
11448,Female,57,North,One Year,Fiber Optic,Credit Card,39,85.59,3316.5,1.0,1,No,Yes,2021-10-26
11449,Female,53,West,Month-to-Month,No Internet,Electronic Check,18,67.18,1116.26,1.0,3,No,No,2022-07-23
11450,Female,32,East,Two Year,No Internet,Bank Transfer,1,32.83,31.11,2.0,0,No,No,2023-08-05
11451,Male,45,West,Two Year,DSL,Mailed Check,63,84.45,5525.76,4.0,0,No,No,2023-08-01
11452,Female,69,South,Month-to-Month,Fiber Optic,Credit Card,3,105.74,330.07,2.0,1,Yes,No,2023-04-24
11453,Female,74,North,Month-to-Month,Fiber Optic,Credit Card,21,102.49,2314.93,1.0,0,Yes,Yes,2020-08-13
11454,Female,66,South,Month-to-Month,DSL,Electronic Check,30,65.79,1875.86,2.0,1,Yes,Yes,2020-07-18
11455,Male,62,North,One Year,No Internet,Mailed Check,11,54.46,562.92,1.0,2,Yes,No,2021-05-18
11456,Female,35,North,Month-to-Month,Fiber Optic,Mailed Check,22,114.48,2373.0,3.0,1,No,No,2020-01-11
11457,Female,19,North,One Year,No Internet,Bank Transfer,57,77.34,4186.05,2.0,0,No,Yes,2022-09-05
11458,Female,30,South,Two Year,No Internet,Credit Card,3,48.09,144.93,3.0,0,No,Yes,2024-05-16
11459,Male,62,South,Month-to-Month,No Internet,Mailed Check,30,77.36,2497.26,2.0,1,Yes,Yes,2020-01-05
11460,Female,71,East,Two Year,Fiber Optic,Electronic Check,45,40.13,1831.69,3.0,2,Yes,No,2020-10-06
11461,Male,32,North,Month-to-Month,Fiber Optic,Credit Card,36,89.69,3240.56,2.0,1,No,Yes,2023-06-15
11462,Female,37,North,Two Year,DSL,Credit Card,72,83.39,6170.62,2.0,0,No,No,2020-05-06
11463,Male,46,North,Month-to-Month,DSL,Credit Card,64,67.51,4026.1,4.0,1,No,No,2020-10-30
11464,Female,59,East,One Year,Fiber Optic,Bank Transfer,54,104.77,5943.04,2.0,2,No,No,2021-12-31
11465,Female,46,South,Month-to-Month,Fiber Optic,Bank Transfer,68,107.33,7469.96,1.0,0,No,No,2021-05-04
11466,Male,20,South,Two Year,DSL,Electronic Check,50,73.88,3499.66,1.0,0,No,No,2021-03-12
11467,Female,36,East,Month-to-Month,Fiber Optic,Credit Card,31,131.2,4152.26,1.0,1,No,No,2024-08-11
11468,Male,20,South,Month-to-Month,Fiber Optic,Electronic Check,29,120.85,3558.6,5.0,1,No,Yes,2022-11-27
11469,Female,71,East,One Year,DSL,Credit Card,59,87.68,4812.95,2.0,0,Yes,No,2021-04-27
11470,Female,31,East,Month-to-Month,DSL,Electronic Check,36,80.88,2803.1,4.0,0,No,No,2020-11-10
11471,Female,57,East,One Year,DSL,Electronic Check,67,65.59,4317.85,2.0,2,No,No,2024-02-16
11472,Female,72,East,Two Year,Fiber Optic,Bank Transfer,11,65.82,694.47,3.0,0,Yes,Yes,2022-07-27
11473,Female,21,South,Month-to-Month,DSL,Mailed Check,11,91.94,969.78,0.0,1,No,Yes,2020-01-17
11474,Male,69,East,Month-to-Month,DSL,Mailed Check,26,67.02,1762.86,3.0,0,Yes,Yes,2022-09-06
11475,Male,28,East,Month-to-Month,Fiber Optic,Mailed Check,53,61.65,3252.22,3.0,0,No,Yes,2021-03-22
11476,Female,75,East,One Year,DSL,Bank Transfer,14,51.95,746.77,1.0,1,Yes,No,2020-10-05
11477,Female,48,West,Month-to-Month,Fiber Optic,Electronic Check,64,70.25,4824.32,4.0,0,No,No,2021-03-27
11478,Female,60,East,Month-to-Month,Fiber Optic,Mailed Check,10,130.84,1342.01,1.0,1,Yes,Yes,2021-08-28
11479,Female,49,North,Month-to-Month,Fiber Optic,Credit Card,31,108.2,3398.26,1.0,2,No,No,2024-09-06
11480,Male,44,East,Month-to-Month,Fiber Optic,Bank Transfer,36,87.86,3338.85,1.0,1,No,No,2025-09-07
11481,Female,47,South,Two Year,Fiber Optic,Credit Card,10,92.35,943.02,1.0,0,No,Yes,2022-10-30
11482,Male,60,South,Month-to-Month,DSL,Bank Transfer,26,85.25,2097.89,2.0,1,Yes,Yes,2024-12-16
11483,Female,19,East,One Year,Fiber Optic,Credit Card,20,65.29,1267.1,1.0,0,No,No,2025-06-30
11484,Male,66,South,One Year,No Internet,Electronic Check,44,42.81,1953.97,3.0,0,Yes,No,2020-04-10
11485,Male,26,East,One Year,DSL,Credit Card,62,98.29,6326.41,2.0,2,No,No,2025-11-04
11486,Male,45,East,Month-to-Month,Fiber Optic,Electronic Check,9,53.26,516.69,3.0,0,No,No,2021-04-14
11487,Male,48,East,One Year,Fiber Optic,Mailed Check,71,86.56,6270.62,1.0,2,No,No,2023-08-17
11488,Female,51,West,Two Year,DSL,Credit Card,24,48.96,1250.16,3.0,1,No,No,2024-06-12
11489,Male,73,West,Month-to-Month,DSL,Credit Card,12,77.52,863.94,2.0,2,Yes,No,2023-05-20
11490,Male,32,South,Month-to-Month,Fiber Optic,Mailed Check,60,80.67,4891.48,4.0,1,No,No,2020-04-28
11491,Male,65,West,Month-to-Month,Fiber Optic,Bank Transfer,16,100.35,1713.46,4.0,1,Yes,No,2025-02-26
11492,Male,42,North,Month-to-Month,DSL,Electronic Check,29,20.0,560.26,1.0,2,No,No,2025-06-27
11493,Male,53,East,Month-to-Month,Fiber Optic,Electronic Check,32,115.02,3477.4,1.0,0,No,No,2022-02-26
11494,Male,25,South,One Year,No Internet,Credit Card,35,90.38,3087.64,0.0,1,No,No,2023-11-28
11495,Female,26,East,Month-to-Month,DSL,Mailed Check,43,97.29,4379.08,0.0,1,No,No,2020-08-30
11496,Female,75,East,Month-to-Month,Fiber Optic,Bank Transfer,53,109.41,5413.42,5.0,1,Yes,No,2022-09-11
11497,Female,75,East,One Year,Fiber Optic,Mailed Check,20,94.84,1927.25,0.0,0,Yes,No,2023-09-30
11498,Male,54,East,Month-to-Month,Fiber Optic,Electronic Check,8,70.97,534.66,5.0,2,No,Yes,2021-09-18
11499,Male,65,West,One Year,No Internet,Electronic Check,42,82.96,3448.38,2.0,1,Yes,No,2023-12-18
11500,Female,62,South,Month-to-Month,Fiber Optic,Electronic Check,70,94.24,7088.63,4.0,1,Yes,No,2020-01-16
11501,Male,56,East,Two Year,Fiber Optic,Bank Transfer,16,103.91,1581.47,3.0,0,No,No,2021-05-30
11502,Male,49,North,Month-to-Month,DSL,Electronic Check,69,87.54,5589.91,2.0,3,No,Yes,2025-08-29
11503,Male,75,North,One Year,Fiber Optic,Electronic Check,53,89.36,4680.92,1.0,0,Yes,No,2024-12-28
11504,Male,69,South,Two Year,DSL,Credit Card,45,77.83,3545.89,1.0,1,Yes,No,2022-04-07
11505,Male,34,East,Month-to-Month,DSL,Credit Card,51,85.04,4196.53,2.0,0,No,No,2020-01-11
11506,Male,52,West,Month-to-Month,Fiber Optic,Bank Transfer,6,114.21,689.84,1.0,0,No,No,2022-11-09
11507,Female,54,South,One Year,No Internet,Credit Card,33,115.4,4084.46,2.0,0,No,No,2020-10-05
11508,Female,36,North,Month-to-Month,No Internet,Credit Card,15,86.93,1264.68,1.0,0,No,Yes,2020-11-28
11509,Female,61,West,Two Year,Fiber Optic,Credit Card,14,95.16,1291.62,1.0,1,Yes,Yes,2024-04-19
11510,Female,46,East,Two Year,Fiber Optic,Mailed Check,39,76.43,2972.55,2.0,1,No,No,2023-11-25
11511,Female,24,East,Month-to-Month,Fiber Optic,Credit Card,63,78.42,4952.57,2.0,1,No,No,2025-09-16
11512,Female,45,North,Month-to-Month,DSL,Electronic Check,5,53.85,247.77,1.0,1,No,Yes,2022-08-31
11513,Female,26,North,Month-to-Month,Fiber Optic,Electronic Check,52,20.0,1059.28,0.0,2,No,No,2023-01-11
11514,Male,45,East,Month-to-Month,No Internet,Electronic Check,16,51.02,881.28,3.0,2,No,No,2020-02-01
11515,Male,23,North,One Year,DSL,Mailed Check,38,67.68,2486.25,4.0,0,No,No,2025-08-01
11516,Male,46,North,One Year,Fiber Optic,Electronic Check,53,79.34,4293.03,1.0,1,No,No,2022-01-06
11517,Female,75,West,Month-to-Month,DSL,Mailed Check,53,83.42,4070.83,1.0,3,Yes,No,2025-01-22
11518,Female,34,North,Month-to-Month,Fiber Optic,Electronic Check,46,66.9,3128.77,2.0,2,No,No,2022-06-28
11519,Male,33,South,Month-to-Month,DSL,Mailed Check,15,53.0,788.27,6.0,0,No,No,2020-02-14
11520,Female,40,West,Month-to-Month,DSL,Bank Transfer,59,20.0,1185.72,3.0,2,No,No,2020-10-20
11521,Male,48,South,Two Year,Fiber Optic,Credit Card,50,93.79,4722.44,1.0,1,No,No,2024-04-20
11522,Female,20,East,Month-to-Month,Fiber Optic,Bank Transfer,9,64.8,553.06,1.0,1,No,No,2020-06-15
11523,Male,38,East,Two Year,No Internet,Electronic Check,26,49.1,1331.74,0.0,2,No,No,2020-09-25
11524,Male,43,East,One Year,DSL,Credit Card,3,86.12,260.65,1.0,3,No,Yes,2023-02-21
11525,Male,53,East,One Year,No Internet,Electronic Check,47,49.93,2260.42,2.0,2,No,No,2022-12-17
11526,Male,59,East,Month-to-Month,Fiber Optic,Credit Card,5,96.51,516.32,3.0,0,No,Yes,2022-05-29
11527,Male,54,East,One Year,Fiber Optic,Bank Transfer,62,56.83,3248.78,2.0,2,No,No,2020-02-28
11528,Male,70,South,One Year,Fiber Optic,Electronic Check,5,86.47,447.98,0.0,0,Yes,No,2020-08-04
11529,Female,39,East,One Year,DSL,Bank Transfer,10,56.76,556.81,1.0,2,No,No,2024-05-23
11530,Female,59,North,Month-to-Month,Fiber Optic,Credit Card,63,80.34,5079.68,5.0,0,No,No,2020-08-31
11531,Male,29,East,Month-to-Month,Fiber Optic,Credit Card,25,124.79,3015.68,1.0,1,No,No,2025-11-20
11532,Female,59,South,One Year,DSL,Mailed Check,44,31.02,1325.84,2.0,0,No,No,2021-05-31
11533,Female,30,North,Month-to-Month,DSL,Bank Transfer,25,107.56,2480.41,3.0,1,No,Yes,2025-02-12
11534,Male,28,East,Month-to-Month,Fiber Optic,Bank Transfer,30,64.03,1991.54,0.0,1,No,No,2022-05-10
11535,Male,71,South,Two Year,Fiber Optic,Bank Transfer,14,103.73,1501.2,3.0,1,Yes,No,2022-01-03
11536,Male,33,West,Month-to-Month,DSL,Mailed Check,43,98.68,4348.04,1.0,2,No,No,2025-01-28
11537,Male,25,South,Month-to-Month,Fiber Optic,Electronic Check,28,97.76,2902.81,2.0,3,No,No,2023-06-06
11538,Female,57,West,Month-to-Month,Fiber Optic,Bank Transfer,19,56.54,1143.23,2.0,0,No,No,2024-01-15
11539,Male,74,North,One Year,Fiber Optic,Credit Card,42,93.81,3975.6,1.0,0,Yes,No,2022-09-12
11540,Male,57,South,Month-to-Month,DSL,Electronic Check,20,135.99,2800.23,1.0,1,No,Yes,2021-06-27
11541,Female,62,West,One Year,No Internet,Electronic Check,11,72.28,732.87,1.0,0,Yes,No,2021-01-08
11542,Male,19,East,Month-to-Month,Fiber Optic,Electronic Check,54,84.48,4814.72,1.0,4,No,No,2020-04-21
11543,Female,47,South,Month-to-Month,Fiber Optic,Credit Card,24,82.07,2069.4,1.0,2,No,Yes,2020-10-20
11544,Male,47,West,One Year,No Internet,Mailed Check,70,84.89,5486.17,1.0,0,No,No,2023-04-12
11545,Female,29,West,Month-to-Month,No Internet,Bank Transfer,17,69.82,1195.07,2.0,0,No,No,2020-06-16
11546,Male,27,East,Two Year,DSL,Credit Card,28,74.11,2210.09,1.0,1,No,No,2020-03-10
11547,Female,61,West,Month-to-Month,No Internet,Electronic Check,50,64.69,3069.61,2.0,0,Yes,No,2025-02-03
11548,Female,28,South,Month-to-Month,DSL,Electronic Check,55,46.09,2475.18,0.0,2,No,No,2023-11-26
11549,Male,32,East,Month-to-Month,DSL,Credit Card,10,130.05,1265.35,3.0,1,No,Yes,2025-06-01
11550,Female,33,West,Month-to-Month,Fiber Optic,Bank Transfer,21,84.58,1735.24,5.0,1,No,No,2024-07-12
11551,Female,34,North,Two Year,Fiber Optic,Electronic Check,58,160.0,8599.79,3.0,0,No,No,2020-04-11
11552,Female,43,South,Two Year,Fiber Optic,Credit Card,34,92.62,3037.74,2.0,2,No,No,2024-12-17
11553,Female,19,West,Month-to-Month,No Internet,Mailed Check,43,87.0,3618.21,6.0,0,No,Yes,2024-09-27
11554,Female,67,West,One Year,No Internet,Bank Transfer,11,64.27,748.36,2.0,0,Yes,No,2024-05-31
11555,Male,29,South,One Year,DSL,Bank Transfer,33,57.18,1842.29,2.0,1,No,No,2023-09-23
11556,Male,68,North,Month-to-Month,Fiber Optic,Bank Transfer,58,79.83,4591.04,1.0,0,Yes,No,2020-11-28
11557,Female,43,East,Month-to-Month,Fiber Optic,Electronic Check,46,66.19,2986.64,1.0,1,No,No,2024-02-19
11558,Male,40,East,Two Year,Fiber Optic,Electronic Check,61,58.88,3373.69,1.0,1,No,No,2020-08-16
11559,Female,35,West,Two Year,Fiber Optic,Bank Transfer,62,126.62,8466.36,1.0,0,No,No,2023-01-27
11560,Female,49,East,Two Year,DSL,Bank Transfer,1,86.99,91.52,3.0,2,No,No,2025-05-11
11561,Male,66,East,One Year,No Internet,Credit Card,21,109.45,2313.5,1.0,1,Yes,No,2025-05-13
11562,Male,55,South,One Year,Fiber Optic,Electronic Check,62,115.12,7110.45,4.0,1,No,No,2023-12-05
11563,Female,74,East,Month-to-Month,Fiber Optic,Credit Card,64,71.97,4716.08,4.0,0,Yes,No,2022-08-11
11564,Male,64,North,Month-to-Month,DSL,Electronic Check,56,33.51,1824.45,3.0,1,Yes,No,2024-10-19
11565,Female,20,East,Month-to-Month,Fiber Optic,Electronic Check,1,75.5,70.07,3.0,2,No,Yes,2021-04-04
11566,Male,55,South,One Year,No Internet,Electronic Check,21,74.3,1536.41,0.0,2,No,No,2023-05-02
11567,Female,20,North,One Year,Fiber Optic,Credit Card,22,115.61,2740.37,2.0,1,No,Yes,2022-06-08
11568,Male,47,East,Two Year,Fiber Optic,Electronic Check,54,80.63,4132.73,5.0,3,No,No,2022-11-09
11569,Female,18,West,Two Year,Fiber Optic,Electronic Check,4,156.16,627.41,2.0,2,No,No,2022-07-19
11570,Male,47,East,Two Year,Fiber Optic,Bank Transfer,65,71.18,4262.87,3.0,2,No,No,2020-11-06
11571,Female,62,South,Two Year,DSL,Credit Card,51,81.78,3918.55,1.0,0,Yes,No,2025-02-06
11572,Male,49,South,Month-to-Month,Fiber Optic,Credit Card,63,72.04,4601.84,1.0,2,No,No,2024-04-30
11573,Female,45,West,One Year,Fiber Optic,Credit Card,15,97.16,1410.16,0.0,2,No,No,2024-10-24
11574,Female,38,West,One Year,Fiber Optic,Mailed Check,36,83.86,3214.92,2.0,0,No,Yes,2025-10-27
11575,Male,75,West,Month-to-Month,Fiber Optic,Electronic Check,29,80.78,2307.45,3.0,1,Yes,Yes,2020-09-02
11576,Male,63,North,Two Year,Fiber Optic,Electronic Check,52,66.53,3297.95,3.0,2,Yes,Yes,2021-04-16
11577,Male,30,West,Two Year,DSL,Bank Transfer,46,70.69,3275.46,2.0,1,No,No,2020-11-17
11578,Female,44,East,Month-to-Month,DSL,Electronic Check,69,92.9,6712.63,3.0,1,No,No,2020-05-20
11579,Female,53,West,Month-to-Month,No Internet,Credit Card,29,47.62,1274.79,3.0,1,No,No,2023-02-18
11580,Female,24,East,One Year,Fiber Optic,Credit Card,47,85.79,4035.69,2.0,0,No,No,2020-04-08
11581,Male,39,North,One Year,Fiber Optic,Mailed Check,25,99.33,2591.89,0.0,2,No,No,2021-05-08
11582,Male,27,East,Two Year,Fiber Optic,Mailed Check,16,99.07,1484.58,1.0,0,No,No,2023-03-13
11583,Female,56,North,Month-to-Month,Fiber Optic,Mailed Check,41,133.58,5829.75,2.0,1,No,No,2025-11-27
11584,Male,70,East,Month-to-Month,DSL,Electronic Check,65,86.47,5408.78,3.0,2,Yes,No,2021-04-28
11585,Female,32,East,Month-to-Month,No Internet,Mailed Check,69,62.0,4052.53,0.0,1,No,No,2025-12-17
11586,Male,32,North,Month-to-Month,DSL,Electronic Check,20,57.8,1172.51,1.0,3,No,No,2023-11-24
11587,Female,21,South,Month-to-Month,Fiber Optic,Bank Transfer,69,72.49,4741.74,0.0,1,No,Yes,2022-04-19
11588,Male,49,South,Two Year,Fiber Optic,Bank Transfer,36,66.1,2448.02,1.0,1,No,No,2021-05-20
11589,Male,40,East,Month-to-Month,No Internet,Electronic Check,58,77.39,4481.51,4.0,1,No,No,2020-07-28
11590,Female,72,East,Month-to-Month,Fiber Optic,Bank Transfer,48,97.51,4388.39,3.0,0,Yes,No,2024-11-16
11591,Female,23,South,Month-to-Month,DSL,Electronic Check,2,92.61,197.44,2.0,0,No,No,2020-12-26
11592,Female,41,West,Month-to-Month,No Internet,Electronic Check,29,88.62,2641.2,2.0,0,No,No,2020-06-02
11593,Male,37,East,Two Year,DSL,Mailed Check,16,98.15,1581.96,0.0,1,No,No,2021-06-16
11594,Male,75,South,One Year,DSL,Electronic Check,35,55.28,1895.9,0.0,1,Yes,No,2024-04-19
11595,Female,54,South,One Year,Fiber Optic,Electronic Check,62,127.91,7467.11,1.0,1,No,No,2025-07-04
11596,Female,37,South,Month-to-Month,Fiber Optic,Credit Card,4,71.26,294.5,2.0,0,No,No,2024-11-10
11597,Male,29,South,Month-to-Month,Fiber Optic,Mailed Check,68,95.7,6834.18,4.0,3,No,Yes,2025-05-23
11598,Male,50,South,Month-to-Month,DSL,Electronic Check,51,67.13,3218.66,6.0,1,No,No,2022-05-25
11599,Male,45,East,Month-to-Month,Fiber Optic,Credit Card,33,86.4,2848.72,3.0,0,No,Yes,2020-12-06
11600,Female,25,East,Two Year,No Internet,Mailed Check,24,83.81,2006.56,,1,No,No,2021-09-26
11601,Male,18,North,Month-to-Month,DSL,Electronic Check,25,36.04,879.36,4.0,3,No,No,2023-04-07
11602,Male,54,North,One Year,DSL,Electronic Check,28,51.23,1500.85,4.0,2,No,No,2021-02-23
11603,Male,39,West,Month-to-Month,Fiber Optic,Bank Transfer,7,105.73,692.69,3.0,1,No,Yes,2022-01-06
11604,Male,23,West,One Year,Fiber Optic,Credit Card,36,86.95,2982.46,0.0,1,No,No,2023-04-23
11605,Male,38,West,Two Year,DSL,Bank Transfer,10,60.58,557.49,2.0,0,No,No,2023-09-08
11606,Male,49,North,One Year,DSL,Electronic Check,36,43.98,1551.1,2.0,1,No,No,2025-08-20
11607,Male,52,East,One Year,DSL,Mailed Check,18,65.76,1144.13,2.0,0,No,No,2024-09-04
11608,Female,32,East,Two Year,Fiber Optic,Mailed Check,6,99.02,629.01,2.0,2,No,No,2021-08-30
11609,Male,22,West,One Year,DSL,Electronic Check,7,57.91,421.31,0.0,1,No,No,2023-03-08
11610,Female,73,North,Month-to-Month,DSL,Electronic Check,12,106.1,1188.55,4.0,2,Yes,Yes,2025-04-07
11611,Female,63,East,Month-to-Month,Fiber Optic,Mailed Check,41,113.92,4850.79,1.0,1,Yes,Yes,2020-08-18
11612,Female,67,North,One Year,DSL,Credit Card,63,63.25,4096.58,2.0,0,Yes,No,2024-01-14
11613,Female,65,North,One Year,DSL,Credit Card,25,57.14,1378.61,1.0,0,Yes,No,2025-07-30
11614,Male,23,West,Month-to-Month,Fiber Optic,Bank Transfer,53,20.0,977.82,0.0,0,No,No,2025-12-25
11615,Male,42,East,Month-to-Month,Fiber Optic,Bank Transfer,33,60.08,1860.56,3.0,1,No,No,2022-09-23
11616,Female,73,West,Two Year,DSL,Bank Transfer,6,38.54,221.99,2.0,2,Yes,No,2023-03-25
11617,Female,63,West,Month-to-Month,Fiber Optic,Electronic Check,62,51.23,3337.17,0.0,3,Yes,No,2021-08-29
11618,Female,73,South,Month-to-Month,DSL,Electronic Check,66,71.1,4666.56,6.0,1,Yes,No,2025-04-04
11619,Female,57,East,Month-to-Month,DSL,Mailed Check,9,79.8,766.28,5.0,1,No,Yes,2023-07-08
11620,Female,46,North,Two Year,No Internet,Bank Transfer,67,112.37,7877.1,3.0,1,No,No,2023-08-25
11621,Male,24,East,Month-to-Month,DSL,Bank Transfer,16,73.66,1138.42,3.0,1,No,Yes,2025-10-29
11622,Male,57,West,One Year,Fiber Optic,Mailed Check,55,36.16,2098.7,1.0,0,No,No,2025-07-17
11623,Female,30,North,Month-to-Month,Fiber Optic,Bank Transfer,40,68.31,2564.84,1.0,0,No,No,2023-10-14
11624,Female,55,West,One Year,DSL,Electronic Check,26,87.26,2100.37,3.0,3,No,No,2024-08-29
11625,Male,35,West,Two Year,Fiber Optic,Bank Transfer,38,79.96,3091.25,1.0,2,No,No,2020-07-24
11626,Female,19,East,Month-to-Month,DSL,Credit Card,35,93.42,3186.91,1.0,0,No,No,2023-07-08
11627,Male,25,West,One Year,DSL,Electronic Check,68,59.16,3913.09,3.0,0,No,No,2024-12-14
11628,Female,28,North,Month-to-Month,Fiber Optic,Electronic Check,59,115.8,7036.85,3.0,1,No,Yes,2022-06-18
11629,Male,50,West,Month-to-Month,Fiber Optic,Bank Transfer,14,93.15,1377.15,3.0,1,No,Yes,2022-01-17
11630,Male,71,South,Two Year,DSL,Mailed Check,47,73.79,3369.46,2.0,0,Yes,No,2022-05-26
11631,Female,55,North,Month-to-Month,No Internet,Electronic Check,71,75.75,5227.67,5.0,1,No,No,2024-10-14
11632,Male,65,West,One Year,Fiber Optic,Electronic Check,72,67.87,4913.11,4.0,1,Yes,No,2020-12-02
11633,Female,44,East,Month-to-Month,No Internet,Credit Card,42,70.57,3036.58,2.0,0,No,No,2024-10-27
11634,Female,37,West,Month-to-Month,DSL,Bank Transfer,51,79.34,3854.0,2.0,0,No,No,2022-02-19
11635,Female,29,South,Month-to-Month,No Internet,Bank Transfer,19,36.98,749.01,0.0,1,No,No,2020-10-05
11636,Male,60,East,One Year,Fiber Optic,Credit Card,66,88.99,6018.45,3.0,1,Yes,No,2022-04-12
11637,Male,48,South,Month-to-Month,Fiber Optic,Bank Transfer,47,117.37,5626.86,0.0,0,No,No,2024-09-27
11638,Male,44,East,One Year,No Internet,Electronic Check,65,82.85,5733.52,3.0,2,No,No,2022-11-19
11639,Female,49,South,Month-to-Month,No Internet,Credit Card,42,106.18,4750.16,3.0,1,No,Yes,2025-01-12
11640,Female,27,East,Month-to-Month,Fiber Optic,Electronic Check,38,97.19,3477.86,4.0,1,No,Yes,2022-07-27
11641,Female,20,South,One Year,DSL,Mailed Check,13,49.56,607.69,1.0,0,No,No,2023-02-28
11642,Female,62,West,Two Year,No Internet,Electronic Check,44,86.77,3977.89,2.0,0,Yes,No,2021-06-07
11643,Male,44,West,Month-to-Month,Fiber Optic,Bank Transfer,24,58.47,1505.86,0.0,0,No,No,2021-04-04
11644,Female,52,East,One Year,DSL,Electronic Check,30,66.79,2057.08,2.0,0,No,No,2025-12-04
11645,Male,48,West,Month-to-Month,No Internet,Credit Card,70,65.1,4492.34,2.0,0,No,No,2023-03-18
11646,Female,32,South,One Year,Fiber Optic,Electronic Check,38,70.04,2739.65,3.0,1,No,No,2025-11-26
11647,Male,33,East,Two Year,Fiber Optic,Electronic Check,23,141.47,3112.63,1.0,2,No,Yes,2025-07-18
11648,Female,30,East,Two Year,DSL,Electronic Check,57,65.18,4011.27,3.0,1,No,No,2023-12-21
11649,Female,66,North,One Year,Fiber Optic,Bank Transfer,23,132.25,3008.21,3.0,1,Yes,No,2022-10-06
11650,Female,52,West,Month-to-Month,Fiber Optic,Credit Card,36,95.59,3678.93,2.0,1,No,No,2024-03-20
11651,Male,69,West,Two Year,No Internet,Bank Transfer,57,46.48,2620.03,2.0,0,Yes,No,2023-04-18
11652,Male,28,North,One Year,DSL,Credit Card,1,61.76,65.99,2.0,0,No,No,2025-02-15
11653,Male,38,East,Month-to-Month,DSL,Credit Card,72,71.04,4980.41,2.0,1,No,No,2021-01-30
11654,Male,68,South,Month-to-Month,No Internet,Credit Card,3,63.45,198.29,1.0,0,Yes,Yes,2025-08-10
11655,Male,71,West,Two Year,Fiber Optic,Mailed Check,14,75.15,1128.02,1.0,0,Yes,No,2025-08-17
11656,Female,28,East,Two Year,Fiber Optic,Credit Card,34,96.34,3352.07,3.0,0,No,No,2024-08-05
11657,Female,47,North,Month-to-Month,Fiber Optic,Electronic Check,70,96.13,6920.28,7.0,1,No,No,2020-10-13
11658,Male,65,North,One Year,Fiber Optic,Mailed Check,69,104.25,6736.2,6.0,0,Yes,No,2024-07-23
11659,Male,70,West,Two Year,DSL,Electronic Check,51,105.17,5341.55,0.0,1,Yes,No,2021-09-24
11660,Male,52,North,Month-to-Month,DSL,Bank Transfer,29,60.21,1854.14,1.0,0,No,No,2024-05-13
11661,Female,39,East,Month-to-Month,DSL,Electronic Check,48,99.85,4594.12,2.0,1,No,No,2021-12-29
11662,Male,55,West,One Year,Fiber Optic,Bank Transfer,16,121.84,2039.38,4.0,1,No,Yes,2020-01-31
11663,Female,48,South,Month-to-Month,Fiber Optic,Electronic Check,57,119.35,6994.21,1.0,0,No,No,2020-08-31
11664,Male,31,East,Month-to-Month,DSL,Mailed Check,10,28.0,267.59,3.0,0,No,No,2020-05-19
11665,Female,41,West,One Year,Fiber Optic,Credit Card,19,131.94,2419.74,0.0,2,No,No,2021-12-25
11666,Female,67,South,Two Year,Fiber Optic,Electronic Check,67,66.09,4376.71,2.0,1,Yes,No,2024-04-13
11667,Male,66,South,One Year,DSL,Electronic Check,36,25.98,879.18,1.0,2,Yes,No,2020-06-12
11668,Female,49,West,One Year,Fiber Optic,Credit Card,4,131.33,560.06,3.0,3,No,Yes,2020-04-13
11669,Male,53,West,Month-to-Month,Fiber Optic,Bank Transfer,33,99.84,3420.9,1.0,1,No,No,2020-03-03
11670,Female,49,North,Month-to-Month,DSL,Credit Card,28,85.87,2352.41,2.0,1,No,No,2025-08-24
11671,Male,72,South,One Year,Fiber Optic,Electronic Check,9,78.7,685.6,1.0,2,Yes,No,2024-03-26
11672,Female,32,South,Month-to-Month,DSL,Credit Card,6,76.55,473.23,1.0,0,No,No,2021-12-27
11673,Female,60,East,Two Year,Fiber Optic,Credit Card,49,78.52,3800.83,1.0,3,Yes,No,2022-01-07
11674,Female,75,West,Month-to-Month,Fiber Optic,Electronic Check,22,71.39,1502.56,4.0,1,Yes,Yes,2024-11-25
11675,Female,52,West,Month-to-Month,Fiber Optic,Electronic Check,48,87.57,4156.38,6.0,3,No,No,2025-06-26
11676,Male,20,South,Month-to-Month,No Internet,Bank Transfer,21,74.83,1664.78,1.0,0,No,Yes,2020-05-09
11677,Male,33,North,Two Year,DSL,Mailed Check,33,33.96,1043.33,3.0,1,No,No,2025-05-29
11678,Male,22,North,Month-to-Month,No Internet,Electronic Check,56,73.39,4023.28,2.0,0,No,No,2023-07-10
11679,Male,38,South,Month-to-Month,DSL,Bank Transfer,29,27.31,850.58,2.0,0,No,Yes,2023-04-09
11680,Female,27,East,Month-to-Month,DSL,Electronic Check,53,120.01,5866.78,1.0,0,No,No,2022-07-15
11681,Male,36,East,Two Year,Fiber Optic,Credit Card,40,79.44,3376.21,5.0,0,No,No,2025-06-03
11682,Female,42,West,Month-to-Month,Fiber Optic,Credit Card,18,60.21,1062.08,3.0,1,No,No,2023-11-30
11683,Female,21,West,Month-to-Month,Fiber Optic,Electronic Check,47,99.83,4458.92,4.0,3,No,Yes,2024-09-21
11684,Female,46,East,Month-to-Month,Fiber Optic,Credit Card,13,68.33,819.36,3.0,0,No,Yes,2024-12-24
11685,Male,36,East,One Year,Fiber Optic,Mailed Check,27,86.27,2169.23,1.0,0,No,No,2022-10-08
11686,Female,60,North,Month-to-Month,Fiber Optic,Mailed Check,62,98.39,5779.89,3.0,3,Yes,Yes,2021-03-24
11687,Female,19,South,Month-to-Month,Fiber Optic,Electronic Check,45,61.58,2560.68,3.0,1,No,No,2021-11-18
11688,Male,27,West,Month-to-Month,Fiber Optic,Electronic Check,3,135.74,396.52,3.0,1,No,Yes,2024-10-22
11689,Female,60,North,One Year,Fiber Optic,Mailed Check,22,138.12,2817.38,4.0,1,Yes,Yes,2025-10-29
11690,Female,42,East,One Year,DSL,Electronic Check,27,58.86,1638.1,3.0,2,No,No,2022-05-09
11691,Male,37,South,One Year,No Internet,Bank Transfer,55,43.92,2538.86,3.0,1,No,No,2025-11-28
11692,Male,65,South,Two Year,Fiber Optic,Electronic Check,67,68.75,4891.81,0.0,4,Yes,Yes,2020-06-12
11693,Male,36,North,Two Year,Fiber Optic,Credit Card,33,70.09,2331.15,0.0,0,No,No,2021-02-18
11694,Male,40,East,Month-to-Month,Fiber Optic,Electronic Check,2,114.76,245.92,1.0,2,No,No,2020-06-03
11695,Male,41,East,One Year,No Internet,Mailed Check,46,59.18,2506.96,3.0,0,No,No,2024-02-08
11696,Male,28,East,One Year,Fiber Optic,Mailed Check,33,57.96,1800.68,2.0,0,No,No,2025-01-09
11697,Male,63,North,Two Year,DSL,Electronic Check,58,69.54,3899.84,3.0,1,Yes,Yes,2025-08-30
11698,Male,51,South,Month-to-Month,Fiber Optic,Bank Transfer,7,49.73,364.21,4.0,0,No,No,2022-10-19
11699,Female,72,South,One Year,Fiber Optic,Credit Card,15,113.7,1810.66,3.0,0,Yes,No,2025-11-26
11700,Female,45,West,Month-to-Month,Fiber Optic,Electronic Check,26,102.0,2702.13,7.0,3,No,No,2021-02-02
11701,Female,22,South,Two Year,Fiber Optic,Bank Transfer,11,67.0,723.23,0.0,0,No,No,2020-05-08
11702,Male,22,South,Month-to-Month,No Internet,Credit Card,38,59.73,2329.97,3.0,0,No,Yes,2024-03-12
11703,Male,68,East,Month-to-Month,DSL,Electronic Check,27,78.22,2004.11,4.0,0,Yes,No,2022-11-16
11704,Male,38,West,Month-to-Month,DSL,Electronic Check,7,44.42,308.84,3.0,1,No,Yes,2020-12-09
11705,Male,29,South,Month-to-Month,DSL,Mailed Check,1,52.3,52.36,2.0,0,No,No,2023-11-25
11706,Male,67,West,One Year,DSL,Mailed Check,21,66.36,1305.46,0.0,2,Yes,No,2021-08-26
11707,Female,21,South,Month-to-Month,DSL,Bank Transfer,30,39.03,1083.57,1.0,1,No,No,2023-08-11
11708,Male,71,South,Month-to-Month,Fiber Optic,Electronic Check,8,75.64,629.34,1.0,0,Yes,No,2024-05-09
11709,Female,66,North,Two Year,Fiber Optic,Bank Transfer,3,55.17,166.43,4.0,1,Yes,No,2022-01-02
11710,Female,59,South,Month-to-Month,Fiber Optic,Electronic Check,55,122.65,6564.68,2.0,0,No,No,2025-01-10
11711,Male,37,North,One Year,DSL,Mailed Check,15,61.91,919.32,7.0,2,No,No,2020-06-04
11712,Male,55,North,Month-to-Month,Fiber Optic,Electronic Check,36,63.33,2446.84,3.0,0,No,No,2025-11-18
11713,Female,42,West,Month-to-Month,DSL,Credit Card,6,88.86,523.34,1.0,1,No,No,2025-05-02
11714,Male,31,East,Two Year,Fiber Optic,Credit Card,42,66.29,2607.54,2.0,0,No,No,2022-01-17
11715,Male,28,West,One Year,No Internet,Bank Transfer,50,44.44,2209.06,1.0,1,No,No,2021-05-14
11716,Female,49,North,Month-to-Month,Fiber Optic,Bank Transfer,18,109.19,2011.98,1.0,0,No,No,2022-12-28
11717,Male,28,East,Two Year,Fiber Optic,Credit Card,50,73.92,3407.48,6.0,1,No,No,2024-12-07
11718,Female,35,East,Two Year,No Internet,Credit Card,30,88.03,2570.06,1.0,2,No,Yes,2021-01-20
11719,Female,44,East,Two Year,Fiber Optic,Bank Transfer,39,81.62,3128.95,1.0,2,No,No,2020-05-17
11720,Male,72,North,Month-to-Month,No Internet,Electronic Check,12,75.23,897.52,0.0,1,Yes,No,2020-09-04
11721,Male,71,South,Month-to-Month,Fiber Optic,Bank Transfer,59,101.08,5774.49,5.0,2,Yes,No,2025-11-20
11722,Male,35,South,One Year,Fiber Optic,Mailed Check,44,71.13,3213.31,2.0,2,No,No,2024-07-01
11723,Male,73,West,One Year,DSL,Electronic Check,4,51.74,221.69,2.0,5,Yes,No,2024-10-01
11724,Male,40,South,Month-to-Month,No Internet,Electronic Check,36,102.05,3917.15,6.0,3,No,Yes,2023-10-30
11725,Female,28,North,One Year,Fiber Optic,Credit Card,48,101.47,4998.67,3.0,0,No,No,2021-12-27
11726,Male,38,West,Month-to-Month,No Internet,Electronic Check,14,70.31,985.42,1.0,4,No,No,2023-03-24
11727,Male,61,North,Month-to-Month,DSL,Credit Card,49,91.89,4737.33,1.0,1,Yes,No,2025-11-04
11728,Female,22,East,Month-to-Month,DSL,Bank Transfer,67,85.5,6036.41,1.0,1,No,No,2022-05-29
11729,Female,40,South,One Year,Fiber Optic,Credit Card,9,110.58,1047.7,1.0,2,No,Yes,2024-02-14
11730,Female,58,West,Month-to-Month,Fiber Optic,Electronic Check,21,58.43,1159.86,3.0,1,No,No,2023-05-17
11731,Male,42,West,Two Year,No Internet,Bank Transfer,72,65.4,4351.26,4.0,1,No,No,2022-10-03
11732,Female,58,North,One Year,No Internet,Bank Transfer,16,100.25,1728.01,0.0,0,No,No,2023-04-16
11733,Male,71,West,One Year,DSL,Mailed Check,16,113.93,1956.94,0.0,0,Yes,No,2022-10-10
11734,Male,27,East,Two Year,Fiber Optic,Electronic Check,28,68.6,1940.59,5.0,0,No,No,2020-09-29
11735,Male,39,North,One Year,Fiber Optic,Bank Transfer,51,90.98,5006.03,0.0,2,No,No,2024-05-25
11736,Female,36,East,Two Year,DSL,Mailed Check,56,67.48,3942.46,4.0,1,No,No,2021-08-17
11737,Male,18,North,Month-to-Month,Fiber Optic,Credit Card,57,55.9,3195.16,1.0,0,No,No,2023-08-17
11738,Male,24,West,Month-to-Month,Fiber Optic,Credit Card,52,79.81,4076.63,3.0,1,No,No,2025-08-19
11739,Male,21,North,Month-to-Month,Fiber Optic,Electronic Check,46,47.53,2218.87,2.0,0,No,No,2025-11-24
11740,Male,18,North,Month-to-Month,DSL,Mailed Check,38,67.82,2583.68,6.0,1,No,No,2022-02-09
11741,Female,32,West,Two Year,Fiber Optic,Credit Card,48,56.05,2902.96,2.0,0,No,No,2024-09-25
11742,Female,57,North,Month-to-Month,DSL,Mailed Check,41,76.25,3121.48,3.0,0,No,No,2023-06-12
11743,Female,29,North,One Year,DSL,Bank Transfer,59,64.25,3994.49,2.0,2,No,No,2021-05-04
11744,Male,39,South,One Year,DSL,Credit Card,67,63.85,4492.62,1.0,2,No,No,2021-04-19
11745,Male,39,North,One Year,Fiber Optic,Credit Card,66,125.84,7735.89,1.0,0,No,No,2021-08-03
11746,Male,67,South,Month-to-Month,Fiber Optic,Electronic Check,27,88.77,2238.41,2.0,1,Yes,No,2025-01-14
11747,Male,64,East,One Year,DSL,Electronic Check,32,118.96,3904.06,2.0,2,Yes,No,2025-05-15
11748,Male,34,West,Month-to-Month,No Internet,Bank Transfer,56,83.16,4477.47,3.0,1,No,No,2020-11-24
11749,Female,46,South,Month-to-Month,DSL,Bank Transfer,10,92.39,947.19,0.0,2,No,Yes,2022-02-05
11750,Male,63,West,One Year,No Internet,Credit Card,40,50.26,1896.09,1.0,1,Yes,No,2021-05-20
11751,Female,31,East,One Year,DSL,Bank Transfer,17,54.66,913.92,1.0,0,No,Yes,2025-04-23
11752,Male,67,West,Month-to-Month,DSL,Electronic Check,58,72.43,3933.74,1.0,2,Yes,No,2021-04-22
11753,Male,37,East,Two Year,Fiber Optic,Credit Card,6,112.33,650.48,2.0,2,No,Yes,2020-01-14
11754,Male,67,East,Month-to-Month,Fiber Optic,Credit Card,39,77.93,2839.07,3.0,1,Yes,No,2021-12-27
11755,Female,65,South,Month-to-Month,DSL,Credit Card,18,36.21,700.85,5.0,2,Yes,No,2022-01-15
11756,Female,50,North,Month-to-Month,Fiber Optic,Mailed Check,72,96.95,6863.19,0.0,1,No,No,2025-07-03
11757,Female,72,East,One Year,DSL,Bank Transfer,42,73.6,3289.62,1.0,0,Yes,Yes,2021-04-19
11758,Male,60,South,One Year,Fiber Optic,Credit Card,4,73.22,314.96,2.0,0,Yes,No,2021-06-07
11759,Male,32,South,Month-to-Month,DSL,Credit Card,20,62.67,1335.54,1.0,0,No,No,2021-02-14
11760,Female,29,West,Month-to-Month,Fiber Optic,Electronic Check,28,65.22,1813.0,3.0,1,No,No,2025-03-22
11761,Male,57,East,One Year,Fiber Optic,Credit Card,40,110.1,4600.52,1.0,1,No,Yes,2024-07-05
11762,Female,71,South,Month-to-Month,No Internet,Bank Transfer,65,72.58,4456.3,3.0,0,Yes,No,2021-11-11
11763,Male,37,North,Month-to-Month,Fiber Optic,Mailed Check,44,93.01,3827.14,2.0,2,No,Yes,2025-02-25
11764,Male,47,North,One Year,Fiber Optic,Bank Transfer,23,72.09,1758.06,1.0,2,No,No,2020-11-24
11765,Male,55,South,Month-to-Month,Fiber Optic,Electronic Check,57,120.41,6348.47,4.0,0,No,No,2020-09-28
11766,Male,20,North,Two Year,No Internet,Credit Card,47,72.52,3666.02,1.0,0,No,No,2025-08-23
11767,Female,45,East,Month-to-Month,DSL,Electronic Check,13,20.0,267.16,1.0,0,No,No,2020-06-23
11768,Male,73,North,One Year,DSL,Electronic Check,16,83.5,1318.82,1.0,0,Yes,Yes,2021-09-13
11769,Male,43,West,Month-to-Month,Fiber Optic,Credit Card,55,80.39,4167.75,1.0,0,No,No,2024-08-14
11770,Male,47,South,Two Year,DSL,Credit Card,65,62.9,4234.53,2.0,1,No,No,2020-08-21
11771,Male,30,North,Month-to-Month,Fiber Optic,Electronic Check,16,111.84,1807.51,3.0,0,No,No,2020-05-20
11772,Female,30,East,One Year,DSL,Bank Transfer,37,74.21,2838.52,1.0,1,No,No,2024-02-13
11773,Female,19,West,One Year,No Internet,Bank Transfer,52,114.81,5891.72,2.0,0,No,No,2025-12-06
11774,Female,54,West,Month-to-Month,DSL,Electronic Check,10,74.64,694.6,0.0,1,No,No,2021-01-16
11775,Female,66,West,Month-to-Month,DSL,Bank Transfer,38,60.33,2224.67,6.0,0,Yes,No,2023-12-04
11776,Male,55,North,One Year,DSL,Electronic Check,44,26.67,1138.75,3.0,0,No,No,2020-02-18
11777,Female,19,West,Two Year,DSL,Credit Card,54,49.05,2440.48,3.0,2,No,No,2020-05-28
11778,Male,53,South,Month-to-Month,Fiber Optic,Bank Transfer,51,78.94,3710.04,2.0,1,No,No,2021-01-10
11779,Male,71,East,Month-to-Month,DSL,Credit Card,52,108.66,5497.32,4.0,1,Yes,Yes,2021-08-18
11780,Female,43,North,Two Year,Fiber Optic,Mailed Check,70,70.49,5114.01,4.0,0,No,No,2024-02-01
11781,Male,28,South,Month-to-Month,Fiber Optic,Electronic Check,59,128.05,7704.89,3.0,1,No,No,2024-05-17
11782,Female,25,North,Two Year,Fiber Optic,Credit Card,13,53.29,663.84,4.0,4,No,No,2022-04-21
11783,Male,61,West,One Year,Fiber Optic,Credit Card,41,67.69,2820.92,1.0,1,Yes,No,2022-12-11
11784,Female,57,South,One Year,Fiber Optic,Bank Transfer,12,115.17,1414.63,3.0,3,No,Yes,2021-05-03
11785,Female,60,West,Month-to-Month,DSL,Bank Transfer,50,57.12,2866.31,2.0,0,Yes,No,2023-10-27
11786,Female,39,East,Month-to-Month,Fiber Optic,Bank Transfer,57,114.48,6547.65,1.0,3,No,No,2024-08-15
11787,Female,37,West,One Year,Fiber Optic,Bank Transfer,50,66.34,3247.87,0.0,1,No,No,2024-03-03
11788,Female,25,East,Two Year,DSL,Electronic Check,57,48.85,2616.67,1.0,1,No,No,2020-06-12
11789,Male,46,South,Two Year,Fiber Optic,Credit Card,54,98.05,5197.69,0.0,2,No,No,2024-01-04
11790,Male,57,East,Month-to-Month,DSL,Bank Transfer,66,51.69,3327.12,6.0,3,No,No,2022-09-01
11791,Male,43,South,Month-to-Month,DSL,Credit Card,8,65.14,528.79,3.0,0,No,No,2025-12-20
11792,Female,47,South,Month-to-Month,No Internet,Mailed Check,63,81.87,5451.81,6.0,1,No,No,2025-10-29
11793,Male,34,East,Two Year,DSL,Electronic Check,9,60.68,535.23,0.0,1,No,No,2024-07-28
11794,Female,37,North,Month-to-Month,Fiber Optic,Credit Card,60,72.94,4523.26,0.0,2,No,No,2020-05-13
11795,Male,69,East,Month-to-Month,Fiber Optic,Credit Card,63,56.82,3758.26,1.0,1,Yes,No,2022-12-11
11796,Male,72,West,Month-to-Month,Fiber Optic,Mailed Check,72,123.23,8463.36,0.0,1,Yes,No,2021-12-10
11797,Female,33,East,Month-to-Month,No Internet,Mailed Check,3,112.9,360.47,1.0,3,No,Yes,2024-03-11
11798,Male,63,South,Two Year,Fiber Optic,Electronic Check,13,90.23,1092.37,1.0,1,Yes,No,2022-11-03
11799,Male,60,South,One Year,Fiber Optic,Electronic Check,9,81.2,777.77,1.0,0,Yes,No,2023-11-09
11800,Male,24,East,Month-to-Month,Fiber Optic,Credit Card,52,82.57,4062.56,4.0,1,No,No,2024-10-26
11801,Female,33,East,Month-to-Month,No Internet,Credit Card,62,92.8,5603.7,4.0,0,No,No,2021-07-14
11802,Female,62,South,Month-to-Month,Fiber Optic,Mailed Check,8,112.79,917.51,3.0,2,Yes,Yes,2021-08-04
11803,Male,64,East,Month-to-Month,No Internet,Credit Card,45,58.5,2803.37,3.0,0,Yes,No,2025-12-06
11804,Male,73,South,Month-to-Month,Fiber Optic,,53,113.87,5799.21,1.0,1,Yes,No,2024-05-04
11805,Male,65,North,One Year,Fiber Optic,Credit Card,63,102.38,6721.95,1.0,0,Yes,No,2024-09-12
11806,Female,44,West,Month-to-Month,Fiber Optic,Credit Card,57,113.43,6683.2,6.0,0,No,No,2020-08-18
11807,Female,70,South,Month-to-Month,DSL,Bank Transfer,54,31.96,1631.87,2.0,2,Yes,No,2025-02-26
11808,Male,40,West,Month-to-Month,No Internet,Electronic Check,19,61.52,1165.04,3.0,1,No,No,2020-01-03
11809,Male,41,South,One Year,Fiber Optic,Electronic Check,67,82.68,5523.17,3.0,0,No,No,2025-03-26
11810,Male,26,South,One Year,Fiber Optic,Mailed Check,46,75.28,3354.62,4.0,2,No,No,2025-04-19
11811,Female,52,East,One Year,DSL,Electronic Check,10,119.93,1253.01,1.0,0,No,No,2021-11-15
11812,Female,68,East,One Year,Fiber Optic,Bank Transfer,18,76.75,1475.65,2.0,1,Yes,Yes,2020-03-21
11813,Male,37,South,One Year,Fiber Optic,Credit Card,12,98.71,1225.57,1.0,2,No,No,2025-05-09
11814,Male,54,South,Month-to-Month,Fiber Optic,Credit Card,49,90.82,4786.94,1.0,0,No,No,2023-07-22
11815,Male,59,East,Two Year,Fiber Optic,Electronic Check,23,74.74,1595.38,1.0,1,No,No,2021-01-22
11816,Female,34,South,Month-to-Month,Fiber Optic,Electronic Check,62,69.28,3977.31,3.0,2,No,Yes,2022-04-06
11817,Male,64,West,Month-to-Month,Fiber Optic,Credit Card,11,138.4,1618.34,,1,Yes,Yes,2023-09-30
11818,Female,48,East,One Year,Fiber Optic,Electronic Check,56,81.45,4851.51,0.0,1,No,No,2021-10-13
11819,Female,72,South,Month-to-Month,No Internet,Credit Card,55,93.89,4839.34,4.0,1,Yes,No,2025-10-11
11820,Male,74,East,Two Year,Fiber Optic,Electronic Check,25,81.76,1997.38,6.0,1,Yes,No,2024-11-22
11821,Male,25,South,Month-to-Month,DSL,Bank Transfer,9,60.53,574.0,1.0,1,No,Yes,2023-06-25
11822,Male,32,East,Two Year,Fiber Optic,Mailed Check,12,84.71,956.1,1.0,2,No,No,2023-03-23
11823,Female,48,North,Two Year,DSL,Electronic Check,11,74.7,791.12,0.0,3,No,No,2022-11-08
11824,Female,70,East,Two Year,Fiber Optic,Electronic Check,38,70.26,2747.2,4.0,1,Yes,No,2024-06-11
11825,Female,47,North,Two Year,DSL,Bank Transfer,28,47.88,1444.01,0.0,1,No,No,2025-09-15
11826,Female,63,North,Two Year,Fiber Optic,Bank Transfer,8,93.9,786.91,1.0,2,Yes,No,2021-11-13
11827,Male,37,East,One Year,No Internet,Electronic Check,47,74.91,3676.99,1.0,1,No,No,2024-11-30
11828,Female,56,West,Month-to-Month,Fiber Optic,Credit Card,36,70.7,2481.13,1.0,0,No,No,2023-07-18
11829,Female,70,West,Month-to-Month,Fiber Optic,Electronic Check,50,63.54,3259.01,7.0,0,Yes,No,2022-07-07
11830,Male,72,East,One Year,No Internet,Electronic Check,9,80.73,681.59,2.0,3,Yes,No,2021-10-13
11831,Female,29,South,Two Year,DSL,Mailed Check,60,20.0,1294.52,0.0,0,No,No,2024-05-22
11832,Female,66,West,One Year,Fiber Optic,Bank Transfer,72,80.49,5777.28,1.0,1,Yes,No,2024-05-22
11833,Female,34,North,Two Year,No Internet,Bank Transfer,67,70.38,4820.19,5.0,0,No,No,2024-06-28
11834,Female,59,West,Two Year,Fiber Optic,Electronic Check,53,125.44,7048.47,4.0,1,No,No,2024-01-25
11835,Female,47,West,Month-to-Month,Fiber Optic,Electronic Check,17,87.26,1364.98,3.0,1,No,No,2022-12-17
11836,Female,46,East,Month-to-Month,No Internet,Mailed Check,53,64.47,3677.13,1.0,1,No,No,2021-01-10
11837,Male,36,West,Month-to-Month,Fiber Optic,Electronic Check,28,94.11,2575.7,3.0,1,No,No,2023-11-09
11838,Male,63,West,Month-to-Month,No Internet,Credit Card,63,54.09,3320.21,1.0,0,Yes,No,2025-10-04
11839,Female,28,North,One Year,Fiber Optic,Electronic Check,15,81.53,1153.5,3.0,2,No,No,2024-03-19
11840,Male,51,South,Two Year,DSL,Credit Card,19,67.73,1360.62,0.0,4,No,No,2024-12-25
11841,Male,67,North,One Year,DSL,Electronic Check,70,87.74,6506.22,0.0,2,Yes,No,2020-01-17
11842,Male,24,East,Month-to-Month,No Internet,Electronic Check,47,55.17,2393.84,1.0,1,No,No,2021-03-08
11843,Male,61,East,Month-to-Month,DSL,Mailed Check,71,71.86,4739.39,5.0,1,Yes,No,2020-08-24
11844,Female,75,East,Month-to-Month,Fiber Optic,Credit Card,48,42.22,2162.21,2.0,0,Yes,No,2020-11-02
11845,Female,51,East,One Year,DSL,Electronic Check,20,84.92,1595.92,6.0,2,No,No,2024-11-20
11846,Male,37,West,Month-to-Month,Fiber Optic,Bank Transfer,37,81.24,3064.04,4.0,2,No,Yes,2021-03-08
11847,Male,67,East,Month-to-Month,DSL,Electronic Check,2,119.11,242.78,0.0,3,Yes,Yes,2020-01-24
11848,Male,55,East,Month-to-Month,No Internet,Credit Card,64,80.78,5475.76,5.0,0,No,No,2025-07-28
11849,Female,41,East,Month-to-Month,DSL,Bank Transfer,36,50.33,1832.94,2.0,0,No,No,2023-08-16
11850,Female,27,East,Two Year,DSL,Electronic Check,5,39.66,196.21,5.0,2,No,No,2024-07-09
11851,Male,49,East,Month-to-Month,Fiber Optic,Credit Card,64,103.54,7129.52,1.0,0,No,Yes,2022-10-10
11852,Female,69,East,Month-to-Month,DSL,Bank Transfer,7,116.91,782.86,3.0,1,Yes,Yes,2021-11-11
11853,Female,32,West,Month-to-Month,Fiber Optic,Mailed Check,70,124.25,8367.3,0.0,1,No,No,2025-01-22
11854,Female,54,West,Month-to-Month,DSL,Credit Card,22,41.68,856.04,1.0,0,No,No,2024-02-24
11855,Female,37,East,One Year,Fiber Optic,Electronic Check,46,92.08,4557.81,2.0,0,No,No,2022-08-09
11856,Male,20,West,One Year,DSL,Electronic Check,40,100.18,4139.51,1.0,0,No,No,2023-08-04
11857,Female,54,West,Month-to-Month,Fiber Optic,Credit Card,61,53.47,3007.05,1.0,0,No,No,2021-02-18
11858,Male,74,East,One Year,DSL,Electronic Check,46,97.93,4652.04,2.0,1,Yes,No,2022-01-22
11859,Female,57,East,Month-to-Month,Fiber Optic,Credit Card,28,69.43,1914.22,3.0,2,No,Yes,2023-11-24
11860,Female,25,West,One Year,No Internet,Bank Transfer,35,66.61,2505.75,1.0,2,No,No,2021-02-19
11861,Female,57,North,Month-to-Month,Fiber Optic,Electronic Check,1,93.92,90.57,1.0,1,No,Yes,2022-05-25
11862,Female,61,East,Month-to-Month,DSL,Electronic Check,29,98.71,2958.9,4.0,1,Yes,No,2022-06-08
11863,Male,73,East,One Year,Fiber Optic,Credit Card,9,125.3,1150.69,1.0,1,Yes,No,2023-06-28
11864,Female,40,South,Two Year,DSL,Electronic Check,9,58.93,488.96,3.0,0,No,No,2021-11-07
11865,Female,57,East,One Year,Fiber Optic,Mailed Check,22,75.01,1751.93,1.0,1,No,No,2025-12-28
11866,Female,28,East,Month-to-Month,DSL,Credit Card,63,58.34,3463.49,2.0,0,No,No,2023-09-23
11867,Male,63,South,Month-to-Month,Fiber Optic,Mailed Check,66,106.49,7212.3,3.0,0,Yes,Yes,2021-03-25
11868,Male,25,South,Two Year,DSL,Mailed Check,58,91.89,5564.59,5.0,0,No,No,2022-04-29
11869,Male,46,West,Month-to-Month,Fiber Optic,Bank Transfer,70,109.36,7815.56,1.0,0,No,No,2020-04-01
11870,Female,47,West,Month-to-Month,Fiber Optic,Electronic Check,55,93.74,4823.35,1.0,1,No,No,2021-02-24
11871,Female,73,East,Month-to-Month,DSL,Mailed Check,13,81.21,1136.0,2.0,0,Yes,No,2024-03-17
11872,Male,27,East,Month-to-Month,Fiber Optic,Electronic Check,19,81.24,1478.56,4.0,0,No,Yes,2024-05-10
11873,Male,56,North,Month-to-Month,Fiber Optic,Electronic Check,33,83.57,2814.23,0.0,1,No,No,2025-03-10
11874,Female,45,East,Month-to-Month,No Internet,Credit Card,65,93.35,6356.26,2.0,1,No,No,2020-07-03
11875,Female,66,West,Month-to-Month,No Internet,Electronic Check,60,78.61,5048.07,4.0,2,Yes,No,2023-12-27
11876,Female,53,South,Two Year,DSL,Electronic Check,12,55.17,673.06,2.0,1,No,No,2024-02-03
11877,Female,30,South,Month-to-Month,Fiber Optic,Electronic Check,43,114.48,4732.87,2.0,0,No,No,2022-08-22
11878,Male,49,East,Month-to-Month,Fiber Optic,Electronic Check,17,71.8,1286.34,4.0,2,No,Yes,2023-02-22
11879,Male,53,North,One Year,DSL,Bank Transfer,68,75.64,4866.36,2.0,1,No,No,2023-07-11
11880,Female,54,West,One Year,Fiber Optic,Electronic Check,29,56.0,1499.87,0.0,1,No,No,2022-05-01
11881,Female,43,South,Month-to-Month,No Internet,Credit Card,55,48.35,2832.91,3.0,3,No,Yes,2025-02-16
11882,Female,39,East,Two Year,Fiber Optic,Mailed Check,7,82.48,584.32,2.0,1,No,No,2024-10-16
11883,Female,21,East,Month-to-Month,No Internet,Credit Card,44,54.59,2236.57,1.0,0,No,No,2023-05-29
11884,Female,48,East,Two Year,DSL,Bank Transfer,5,61.27,310.26,5.0,1,No,No,2020-06-22
11885,Male,35,West,Month-to-Month,DSL,Mailed Check,60,102.33,5791.07,0.0,0,No,No,2020-08-04
11886,Male,55,West,Month-to-Month,Fiber Optic,Electronic Check,6,83.88,465.54,2.0,2,No,Yes,2025-07-14
11887,Male,41,South,Two Year,No Internet,Credit Card,7,89.5,588.06,3.0,0,No,No,2024-05-21
11888,Male,73,North,One Year,Fiber Optic,Mailed Check,46,67.48,3240.71,3.0,1,Yes,No,2023-10-28
11889,Female,40,West,Month-to-Month,DSL,Mailed Check,57,85.72,5085.91,5.0,2,No,Yes,2020-06-22
11890,Female,39,West,Month-to-Month,DSL,Credit Card,54,47.0,2580.36,3.0,0,No,No,2025-10-26
11891,Male,19,East,Month-to-Month,Fiber Optic,Electronic Check,46,80.76,3542.19,3.0,1,No,No,2023-07-10
11892,Male,48,South,One Year,Fiber Optic,Mailed Check,10,101.74,1056.3,1.0,2,No,No,2021-09-25
11893,Female,72,South,Month-to-Month,DSL,Electronic Check,4,72.32,285.02,8.0,0,Yes,Yes,2024-08-26
11894,Male,28,South,Month-to-Month,Fiber Optic,Credit Card,67,110.56,7420.27,3.0,0,No,No,2022-08-20
11895,Female,45,South,Month-to-Month,DSL,Credit Card,25,88.69,2358.32,3.0,1,No,No,2025-01-18
11896,Female,63,East,One Year,Fiber Optic,Credit Card,61,79.29,4804.08,1.0,0,Yes,No,2021-08-20
11897,Female,49,East,Two Year,Fiber Optic,Bank Transfer,38,114.42,4435.87,3.0,2,No,Yes,2024-10-16
11898,Male,22,North,One Year,DSL,Bank Transfer,32,82.91,2849.13,0.0,0,No,No,2022-06-11
11899,Male,55,South,Month-to-Month,DSL,Bank Transfer,23,65.91,1504.14,2.0,1,No,No,2020-08-02
11900,Female,27,East,Two Year,Fiber Optic,Electronic Check,37,85.64,3199.47,1.0,3,No,No,2022-06-02
11901,Female,57,East,One Year,No Internet,Credit Card,3,74.27,225.82,2.0,1,No,No,2024-06-19
11902,Male,63,South,Two Year,No Internet,Bank Transfer,13,72.04,897.67,1.0,1,Yes,No,2023-05-28
11903,Female,41,East,Month-to-Month,DSL,Credit Card,34,68.46,2415.88,1.0,0,No,No,2021-08-28
11904,Male,52,West,Month-to-Month,Fiber Optic,Mailed Check,65,96.31,6487.16,2.0,0,No,Yes,2021-07-05
11905,Female,61,North,One Year,Fiber Optic,Bank Transfer,8,106.75,814.86,2.0,0,Yes,No,2020-11-14
11906,Male,65,East,Month-to-Month,DSL,Bank Transfer,9,82.64,685.85,0.0,0,Yes,No,2021-12-29
11907,Female,40,East,One Year,DSL,Electronic Check,28,81.79,2472.94,0.0,0,No,Yes,2023-03-23
11908,Male,34,South,Two Year,Fiber Optic,Bank Transfer,18,79.48,1449.32,1.0,0,No,No,2020-12-16
11909,Male,18,North,Two Year,DSL,Mailed Check,42,44.85,1787.57,4.0,0,No,No,2022-12-21
11910,Male,72,South,Two Year,Fiber Optic,Credit Card,41,53.77,2128.23,3.0,1,Yes,No,2024-01-23
11911,Male,48,West,One Year,Fiber Optic,Bank Transfer,70,69.31,4943.14,3.0,2,No,No,2022-08-07
11912,Female,48,East,Month-to-Month,DSL,Electronic Check,33,61.55,1913.38,0.0,0,No,No,2020-07-08
11913,Female,59,North,Month-to-Month,DSL,Credit Card,54,113.79,5689.74,1.0,0,No,Yes,2024-03-25
11914,Male,74,West,Month-to-Month,Fiber Optic,Bank Transfer,36,118.29,4461.81,3.0,1,Yes,Yes,2024-07-23
11915,Male,72,East,Month-to-Month,DSL,Bank Transfer,56,57.17,3312.09,3.0,0,Yes,No,2024-02-05
11916,Female,59,South,Month-to-Month,No Internet,Mailed Check,17,,1371.97,2.0,0,No,No,2021-11-17
11917,Female,70,East,Month-to-Month,DSL,Electronic Check,10,70.31,653.43,1.0,1,Yes,Yes,2020-03-13
11918,Female,73,East,One Year,DSL,Electronic Check,44,77.9,3420.07,2.0,2,Yes,No,2023-06-16
11919,Male,51,East,One Year,Fiber Optic,Bank Transfer,2,73.28,141.31,2.0,0,No,No,2022-12-26
11920,Male,26,West,Two Year,Fiber Optic,Electronic Check,14,138.04,1900.95,0.0,1,No,No,2024-06-04
11921,Female,39,West,One Year,Fiber Optic,Credit Card,41,133.61,5279.9,0.0,0,No,No,2020-03-17
11922,Male,30,West,One Year,DSL,Electronic Check,2,64.68,122.64,0.0,1,No,No,2021-12-07
11923,Female,42,North,One Year,DSL,Electronic Check,19,57.09,1065.1,2.0,1,No,No,2022-09-14
11924,Male,65,South,Two Year,Fiber Optic,Bank Transfer,1,105.14,112.96,0.0,1,Yes,Yes,2025-10-16
11925,Female,35,East,One Year,Fiber Optic,Bank Transfer,2,56.76,109.27,1.0,1,No,No,2024-05-10
11926,Male,68,East,Two Year,Fiber Optic,Electronic Check,27,,2711.96,1.0,2,Yes,No,2024-12-10
11927,Female,29,East,Two Year,Fiber Optic,Electronic Check,2,85.14,165.63,2.0,2,No,No,2021-08-10
11928,Male,57,East,Two Year,No Internet,Electronic Check,51,31.15,1583.64,2.0,1,No,No,2022-04-22
11929,Female,34,North,Month-to-Month,DSL,Credit Card,10,68.21,719.59,3.0,1,No,No,2024-04-14
11930,Male,32,North,Month-to-Month,Fiber Optic,Electronic Check,19,70.61,1320.58,7.0,1,No,Yes,2021-12-22
11931,Female,59,South,Month-to-Month,DSL,,13,76.04,1036.94,3.0,1,No,No,2024-12-09
11932,Female,32,East,Month-to-Month,DSL,Bank Transfer,48,73.44,3307.98,3.0,1,No,No,2020-11-19
11933,Female,32,West,Month-to-Month,DSL,Bank Transfer,56,38.32,2281.51,2.0,5,No,No,2021-10-16
11934,Female,72,West,Month-to-Month,Fiber Optic,Electronic Check,72,78.65,5377.67,2.0,2,Yes,No,2020-05-24
11935,Female,56,East,Month-to-Month,Fiber Optic,Bank Transfer,56,101.37,5258.19,1.0,2,No,Yes,2024-08-23
11936,Female,30,North,One Year,Fiber Optic,Mailed Check,50,105.67,4994.69,3.0,1,No,No,2020-05-23
11937,Male,34,South,One Year,DSL,Credit Card,45,62.92,2691.3,0.0,0,No,No,2022-07-30
11938,Female,49,West,Month-to-Month,DSL,Electronic Check,59,83.44,4929.66,4.0,0,No,Yes,2022-06-11
11939,Male,26,South,One Year,DSL,Credit Card,39,78.66,3043.17,4.0,0,No,No,2020-07-13
11940,Male,57,West,One Year,Fiber Optic,Electronic Check,21,85.68,1861.43,2.0,3,No,No,2024-07-18
11941,Male,37,East,One Year,Fiber Optic,Bank Transfer,55,98.6,5033.37,1.0,2,No,Yes,2024-05-30
11942,Male,43,North,Two Year,Fiber Optic,Bank Transfer,57,58.87,3354.36,0.0,0,No,No,2022-03-28
11943,Female,44,West,Month-to-Month,No Internet,Credit Card,41,72.02,2873.67,1.0,0,No,No,2023-02-10
11944,Female,38,East,Month-to-Month,Fiber Optic,Bank Transfer,70,46.9,3351.66,0.0,0,No,No,2023-07-23
11945,Female,35,North,Month-to-Month,Fiber Optic,Bank Transfer,49,85.65,3890.45,1.0,0,No,No,2024-07-18
11946,Male,30,South,Month-to-Month,No Internet,Electronic Check,44,107.63,4383.33,2.0,2,No,Yes,2023-08-07
11947,Male,33,West,One Year,DSL,Electronic Check,35,64.01,2214.27,5.0,1,No,No,2021-03-09
11948,Male,26,West,Month-to-Month,DSL,Mailed Check,5,105.13,551.83,2.0,0,No,Yes,2021-02-20
11949,Male,29,South,Month-to-Month,Fiber Optic,Mailed Check,71,79.41,5792.45,3.0,1,No,Yes,2025-02-01
11950,Male,61,South,Month-to-Month,DSL,Bank Transfer,51,44.88,2111.89,7.0,0,Yes,No,2021-12-11
11951,Male,55,North,Month-to-Month,Fiber Optic,Mailed Check,57,103.63,5603.03,1.0,0,No,No,2020-05-17
11952,Male,36,East,One Year,DSL,Electronic Check,58,83.6,4636.8,2.0,3,No,No,2024-10-19
11953,Female,24,South,One Year,Fiber Optic,Electronic Check,36,144.98,5155.03,1.0,1,No,No,2025-12-21
11954,Female,74,East,Month-to-Month,Fiber Optic,Credit Card,10,62.52,633.87,1.0,1,Yes,No,2023-03-30
11955,Female,52,North,Month-to-Month,DSL,Electronic Check,50,80.91,3861.97,1.0,0,No,No,2024-11-18
11956,Female,65,East,Month-to-Month,DSL,Bank Transfer,37,81.8,2969.71,6.0,0,Yes,No,2022-01-03
11957,Female,35,North,Month-to-Month,DSL,Mailed Check,20,98.45,1995.45,1.0,1,No,No,2025-01-25
11958,Male,33,East,Two Year,Fiber Optic,Bank Transfer,13,95.24,1215.03,3.0,1,No,No,2023-09-15
11959,Female,72,West,Month-to-Month,Fiber Optic,Credit Card,19,79.8,1429.64,2.0,1,Yes,No,2021-01-29
11960,Female,56,West,One Year,DSL,Electronic Check,56,45.22,2528.94,3.0,2,No,No,2023-04-10
11961,Male,21,East,Two Year,DSL,Electronic Check,45,75.67,3309.26,4.0,1,No,No,2025-07-21
11962,Male,42,North,Month-to-Month,No Internet,Credit Card,60,81.36,5166.05,1.0,3,No,No,2023-02-17
11963,Female,49,South,Month-to-Month,DSL,Bank Transfer,68,87.79,6232.98,3.0,3,No,No,2025-08-28
11964,Male,57,South,Two Year,DSL,Credit Card,57,59.76,3237.52,6.0,2,No,No,2022-03-18
11965,Female,30,East,Two Year,No Internet,Mailed Check,54,73.95,3771.36,1.0,0,No,No,2020-09-03
11966,Female,62,North,Month-to-Month,Fiber Optic,Mailed Check,37,48.4,1747.16,2.0,0,Yes,No,2023-05-13
11967,Male,34,North,One Year,Fiber Optic,Electronic Check,37,61.27,2235.13,3.0,1,No,No,2020-12-07
11968,Male,66,West,Two Year,Fiber Optic,Electronic Check,14,105.39,1577.45,1.0,2,Yes,No,2025-04-23
11969,Male,54,East,Month-to-Month,Fiber Optic,Bank Transfer,44,91.5,3898.21,0.0,1,No,Yes,2020-12-07
11970,Male,23,North,Two Year,DSL,Electronic Check,42,78.9,3508.7,3.0,1,No,No,2020-04-17
11971,Male,36,South,Month-to-Month,DSL,Bank Transfer,1,57.04,57.09,5.0,0,No,Yes,2021-09-24
11972,Female,30,North,One Year,DSL,Credit Card,23,53.86,1315.21,1.0,0,No,No,2022-09-24
11973,Male,74,West,Two Year,Fiber Optic,Electronic Check,64,71.41,4717.92,2.0,2,Yes,No,2023-11-26
11974,Male,43,West,Two Year,Fiber Optic,Credit Card,28,87.94,2544.42,1.0,0,No,No,2021-08-18
11975,Male,31,East,Month-to-Month,Fiber Optic,Credit Card,4,104.15,417.85,4.0,1,No,No,2023-08-18
11976,Female,48,South,Month-to-Month,DSL,Mailed Check,41,65.77,2843.39,2.0,0,No,No,2024-12-01
11977,Male,71,North,One Year,Fiber Optic,Electronic Check,60,45.51,2623.31,1.0,1,Yes,No,2023-02-04
11978,Male,21,East,One Year,DSL,Mailed Check,18,82.03,1572.78,0.0,1,No,No,2021-08-07
11979,Female,56,South,One Year,Fiber Optic,Bank Transfer,63,93.68,6031.0,1.0,0,No,No,2023-03-23
11980,Female,25,East,Two Year,Fiber Optic,Bank Transfer,61,93.98,5676.56,0.0,2,No,No,2024-12-29
11981,Male,42,South,Two Year,DSL,Electronic Check,49,88.41,4666.31,1.0,2,No,No,2021-08-31
11982,Female,30,West,Month-to-Month,No Internet,Bank Transfer,47,91.44,4546.61,5.0,3,No,No,2025-01-01
11983,Male,49,East,Month-to-Month,Fiber Optic,Credit Card,39,121.02,4925.2,3.0,1,No,Yes,2023-10-04
11984,Male,55,West,Month-to-Month,DSL,Credit Card,6,72.71,420.48,1.0,1,No,No,2024-11-24
11985,Male,55,West,One Year,No Internet,Bank Transfer,53,61.2,3489.46,3.0,1,No,No,2021-12-28
11986,Male,73,East,One Year,No Internet,Credit Card,25,98.02,2545.77,2.0,0,Yes,No,2024-04-06
11987,Female,45,North,One Year,DSL,Mailed Check,65,94.71,6259.79,5.0,0,No,No,2020-08-23
11988,Male,70,North,Month-to-Month,DSL,Electronic Check,5,66.18,353.23,2.0,0,Yes,Yes,2022-08-22
11989,Male,47,North,Month-to-Month,Fiber Optic,Bank Transfer,65,114.65,7049.45,0.0,0,No,Yes,2020-07-29
11990,Female,20,East,Month-to-Month,No Internet,Electronic Check,8,73.86,556.75,1.0,1,No,Yes,2020-10-12
11991,Female,45,North,Month-to-Month,Fiber Optic,Bank Transfer,39,118.91,4684.77,0.0,1,No,No,2024-10-08
11992,Male,20,East,Month-to-Month,No Internet,Mailed Check,43,115.23,4603.46,1.0,2,No,No,2021-05-08
11993,Female,62,North,Month-to-Month,Fiber Optic,Electronic Check,5,153.03,785.23,1.0,0,Yes,Yes,2022-10-14
11994,Male,71,East,Month-to-Month,Fiber Optic,Credit Card,4,88.56,339.55,3.0,0,Yes,No,2025-06-12
11995,Female,51,South,One Year,DSL,Bank Transfer,1,107.39,100.84,1.0,0,No,Yes,2021-06-06
11996,Female,33,North,Month-to-Month,Fiber Optic,Electronic Check,56,108.35,5979.74,1.0,1,No,Yes,2022-03-29
11997,Female,39,West,Two Year,Fiber Optic,Credit Card,45,105.67,4729.24,4.0,1,No,No,2023-09-27
11998,Male,49,West,One Year,DSL,Credit Card,65,82.61,5086.55,3.0,0,No,No,2024-07-14
11999,Male,55,East,One Year,DSL,Mailed Check,3,95.78,266.26,2.0,1,No,Yes,2021-08-12
12000,Male,25,West,One Year,DSL,Mailed Check,22,37.65,816.91,3.0,0,No,No,2021-09-26
12001,Male,72,South,Month-to-Month,Fiber Optic,Bank Transfer,72,86.28,6470.12,3.0,1,Yes,No,2024-12-16
12002,Male,25,South,Month-to-Month,DSL,Bank Transfer,56,55.66,3303.58,1.0,1,No,No,2020-07-26
12003,Female,74,East,Two Year,Fiber Optic,Bank Transfer,18,63.57,1070.58,6.0,2,Yes,No,2022-09-03
12004,Male,23,North,One Year,Fiber Optic,Credit Card,25,51.11,1282.79,0.0,1,No,No,2025-08-26
12005,Male,31,North,Two Year,DSL,Credit Card,48,53.83,2486.03,0.0,0,No,No,2023-08-06
12006,Female,49,North,One Year,No Internet,Credit Card,31,67.65,2055.08,1.0,1,No,No,2020-09-10
12007,Male,52,East,Month-to-Month,DSL,Mailed Check,30,76.61,2457.69,3.0,1,No,Yes,2022-08-28
12008,Female,27,East,Month-to-Month,DSL,Bank Transfer,66,71.69,4619.55,7.0,2,No,No,2021-09-02
12009,Male,20,East,One Year,Fiber Optic,,10,113.31,1108.69,2.0,1,No,Yes,2024-01-19
12010,Male,29,South,Month-to-Month,DSL,Bank Transfer,71,49.6,3357.86,2.0,3,No,No,2023-03-16
12011,Male,66,West,Month-to-Month,Fiber Optic,Credit Card,59,38.41,2432.99,6.0,2,Yes,No,2022-06-02
12012,Male,48,West,Two Year,No Internet,Bank Transfer,51,80.29,4066.28,4.0,2,No,No,2023-10-31
12013,Female,46,South,Month-to-Month,DSL,Credit Card,9,70.83,644.65,2.0,1,No,No,2021-05-20
12014,Male,22,North,Month-to-Month,DSL,Electronic Check,54,70.31,3768.29,2.0,1,No,Yes,2020-12-14
12015,Female,69,South,Two Year,DSL,Credit Card,62,49.18,2928.62,6.0,0,Yes,No,2020-07-17
12016,Male,42,West,Two Year,DSL,Bank Transfer,9,89.73,847.68,2.0,1,No,No,2023-02-21
12017,Male,58,East,Month-to-Month,DSL,Credit Card,9,61.52,511.91,2.0,2,No,No,2023-03-26
12018,Female,48,South,Two Year,Fiber Optic,Credit Card,24,59.91,1481.61,0.0,0,No,Yes,2021-09-02
12019,Male,38,West,Two Year,Fiber Optic,Bank Transfer,39,123.86,4903.4,1.0,0,No,No,2022-07-09
12020,Female,75,East,Month-to-Month,DSL,Bank Transfer,8,89.29,673.66,3.0,0,Yes,Yes,2025-03-17
12021,Female,37,West,Month-to-Month,No Internet,Mailed Check,25,71.0,1680.12,1.0,0,No,No,2024-09-21
12022,Female,56,East,Month-to-Month,Fiber Optic,Credit Card,66,25.97,1757.69,3.0,3,No,No,2023-08-10
12023,Female,39,West,One Year,Fiber Optic,Mailed Check,10,81.11,786.72,0.0,1,No,No,2022-02-23
12024,Male,21,South,Month-to-Month,Fiber Optic,Bank Transfer,24,86.46,1997.26,6.0,0,No,Yes,2022-08-16
12025,Male,30,South,Two Year,DSL,Bank Transfer,59,103.59,5680.71,1.0,1,No,No,2023-04-12
12026,Male,62,South,One Year,Fiber Optic,Bank Transfer,31,43.25,1397.92,3.0,1,Yes,No,2023-11-27
12027,Female,59,East,One Year,Fiber Optic,Electronic Check,11,126.01,1470.98,4.0,1,No,No,2025-01-15
12028,Female,67,West,Two Year,DSL,Electronic Check,6,,491.45,3.0,0,Yes,No,2022-02-06
12029,Male,66,East,Two Year,DSL,Bank Transfer,70,36.81,2562.7,2.0,1,Yes,No,2025-11-13
12030,Female,37,South,Month-to-Month,Fiber Optic,Credit Card,32,110.05,3540.73,5.0,0,No,Yes,2025-09-09
12031,Male,69,West,Month-to-Month,Fiber Optic,Bank Transfer,39,80.9,3025.0,3.0,0,Yes,No,2025-11-14
12032,Female,30,North,One Year,DSL,Credit Card,48,30.45,1385.1,2.0,0,No,No,2024-02-02
12033,Male,34,North,Month-to-Month,Fiber Optic,Electronic Check,13,75.89,1037.56,1.0,3,No,Yes,2021-12-05
12034,Female,71,West,Month-to-Month,No Internet,Electronic Check,59,78.37,4844.55,2.0,1,Yes,No,2024-11-03
12035,Female,53,West,One Year,DSL,Bank Transfer,67,73.55,5146.54,1.0,0,No,No,2022-12-05
12036,Male,50,South,Two Year,Fiber Optic,Electronic Check,56,98.09,5460.84,0.0,0,No,No,2025-12-21
12037,Male,18,South,Month-to-Month,DSL,Bank Transfer,41,99.44,4314.82,3.0,1,No,No,2022-02-07
12038,Male,32,East,One Year,Fiber Optic,Credit Card,56,59.54,3561.63,1.0,0,No,No,2020-09-16
12039,Male,30,West,Month-to-Month,Fiber Optic,Bank Transfer,35,86.48,2943.67,4.0,0,No,No,2023-04-18
12040,Male,34,South,One Year,No Internet,Electronic Check,38,56.75,2061.51,4.0,1,No,No,2024-05-06
12041,Female,41,East,Month-to-Month,DSL,Electronic Check,67,40.78,2716.64,4.0,3,No,No,2020-03-24
12042,Female,75,West,Two Year,Fiber Optic,Bank Transfer,34,80.7,2603.02,1.0,0,Yes,No,2021-02-13
12043,Male,25,East,Month-to-Month,Fiber Optic,Credit Card,70,97.79,7265.88,2.0,1,No,No,2023-03-25
12044,Male,67,West,One Year,Fiber Optic,Electronic Check,11,99.27,1063.66,1.0,1,Yes,No,2025-06-08
12045,Female,44,East,Month-to-Month,Fiber Optic,Mailed Check,27,77.12,2107.62,2.0,0,No,Yes,2024-06-27
12046,Female,62,West,Month-to-Month,DSL,Electronic Check,48,46.8,2280.44,1.0,4,Yes,No,2025-11-14
12047,Male,40,East,Month-to-Month,Fiber Optic,Credit Card,24,70.88,1705.2,0.0,1,No,No,2022-03-24
12048,Female,63,North,Month-to-Month,No Internet,Electronic Check,18,25.08,426.63,2.0,0,Yes,No,2022-06-14
12049,Female,25,South,Month-to-Month,Fiber Optic,Credit Card,27,57.27,1667.77,4.0,0,No,No,2021-10-22
12050,Male,25,South,Month-to-Month,DSL,Credit Card,54,44.43,2273.54,3.0,1,No,No,2022-08-02
12051,Male,43,South,One Year,No Internet,Electronic Check,55,93.13,5328.27,2.0,2,No,No,2023-01-15
12052,Male,64,North,One Year,DSL,Bank Transfer,21,93.11,2046.46,2.0,0,Yes,No,2023-03-04
12053,Male,30,East,Month-to-Month,Fiber Optic,Credit Card,59,140.24,7804.4,4.0,3,No,No,2025-11-07
12054,Female,56,East,One Year,Fiber Optic,Bank Transfer,34,93.01,3381.51,1.0,0,No,No,2022-03-30
12055,Female,54,South,Month-to-Month,Fiber Optic,Electronic Check,58,74.9,4335.69,2.0,1,No,No,2025-01-14
12056,Female,66,West,One Year,No Internet,Credit Card,48,72.3,3541.96,1.0,0,Yes,Yes,2025-03-25
12057,Male,45,East,Month-to-Month,No Internet,Electronic Check,54,67.77,3742.83,0.0,1,No,No,2022-01-12
12058,Male,42,North,One Year,No Internet,Bank Transfer,18,56.21,1012.58,1.0,1,No,No,2023-08-09
12059,Female,33,West,Month-to-Month,No Internet,Bank Transfer,3,80.0,226.25,2.0,0,No,No,2021-03-21
12060,Female,72,East,Two Year,Fiber Optic,Bank Transfer,24,86.83,2167.86,4.0,0,Yes,No,2023-11-19
12061,Male,19,South,Month-to-Month,No Internet,Credit Card,1,69.94,70.86,2.0,0,No,No,2022-11-06
12062,Male,71,South,Month-to-Month,No Internet,Bank Transfer,6,64.64,364.18,2.0,1,Yes,No,2025-06-30
12063,Female,35,West,Month-to-Month,Fiber Optic,Bank Transfer,19,102.8,2015.8,3.0,3,No,Yes,2024-09-27
12064,Male,34,South,Two Year,Fiber Optic,Electronic Check,43,68.16,3025.96,2.0,1,No,No,2024-07-13
12065,Male,47,North,One Year,DSL,Electronic Check,8,61.92,499.2,1.0,2,No,Yes,2025-06-03
12066,Female,56,North,One Year,Fiber Optic,Credit Card,69,98.88,6375.75,5.0,3,No,Yes,2024-04-16
12067,Male,30,East,Two Year,Fiber Optic,Bank Transfer,52,107.29,5447.54,2.0,0,No,Yes,2024-12-15
12068,Male,49,East,Two Year,No Internet,Electronic Check,47,90.0,3926.07,2.0,0,No,Yes,2022-10-24
12069,Male,67,North,One Year,No Internet,Bank Transfer,28,65.51,1827.7,0.0,1,Yes,No,2024-02-03
12070,Male,46,South,Month-to-Month,Fiber Optic,Credit Card,46,55.39,2713.64,2.0,0,No,No,2021-08-27
12071,Female,63,North,Two Year,Fiber Optic,Credit Card,4,74.76,275.22,1.0,0,Yes,No,2021-04-22
12072,Male,47,East,Month-to-Month,No Internet,Electronic Check,8,73.84,568.66,3.0,1,No,No,2025-11-06
12073,Male,35,East,One Year,DSL,Credit Card,61,44.14,2821.72,3.0,2,No,No,2024-10-22
12074,Female,30,South,One Year,Fiber Optic,Electronic Check,17,79.3,1242.38,0.0,2,No,No,2021-09-01
12075,Female,60,East,One Year,DSL,Electronic Check,34,102.18,3201.85,4.0,1,Yes,No,2020-05-21
12076,Female,38,West,One Year,No Internet,Bank Transfer,20,75.69,1540.64,3.0,2,No,No,2021-07-13
12077,Male,47,East,One Year,No Internet,Electronic Check,34,58.49,2080.68,3.0,1,No,No,2025-09-29
12078,Male,38,East,Two Year,Fiber Optic,Credit Card,43,82.72,3714.32,2.0,2,No,No,2024-03-11
12079,Female,65,North,Month-to-Month,Fiber Optic,Electronic Check,10,89.09,930.75,0.0,1,Yes,Yes,2023-07-17
12080,Female,72,North,Month-to-Month,No Internet,Credit Card,30,62.67,1838.29,1.0,0,Yes,No,2023-07-10
12081,Male,34,West,One Year,Fiber Optic,Electronic Check,25,106.31,2820.5,5.0,2,No,Yes,2021-12-09
12082,Male,57,East,Two Year,DSL,Electronic Check,57,21.29,1118.94,0.0,0,No,No,2023-04-24
12083,Male,36,South,Month-to-Month,Fiber Optic,Credit Card,63,98.79,6036.75,2.0,0,No,No,2022-03-18
12084,Female,69,East,Month-to-Month,Fiber Optic,Credit Card,71,72.67,5025.16,6.0,1,Yes,No,2025-10-29
12085,Female,32,North,Month-to-Month,Fiber Optic,Mailed Check,47,113.14,5033.04,0.0,1,No,Yes,2021-02-12
12086,Male,26,South,Month-to-Month,Fiber Optic,Credit Card,3,55.13,161.06,3.0,0,No,No,2022-08-31
12087,Male,69,East,Two Year,No Internet,Credit Card,46,90.46,4218.34,3.0,1,Yes,No,2020-03-26
12088,Female,27,South,One Year,Fiber Optic,Credit Card,36,67.27,2429.58,0.0,0,No,No,2024-12-01
12089,Female,61,East,One Year,No Internet,Electronic Check,26,80.05,2021.17,0.0,2,Yes,No,2025-11-21
12090,Male,48,North,One Year,No Internet,Mailed Check,10,60.38,627.89,0.0,1,No,No,2023-07-31
12091,Female,70,West,One Year,Fiber Optic,Credit Card,34,115.18,4050.7,0.0,0,Yes,No,2021-04-04
12092,Female,40,South,Month-to-Month,DSL,Electronic Check,8,67.22,518.89,3.0,2,No,Yes,2024-09-19
12093,Male,69,East,Month-to-Month,Fiber Optic,Bank Transfer,55,68.92,3683.39,0.0,1,Yes,No,2023-02-18
12094,Male,47,West,Month-to-Month,DSL,Electronic Check,10,106.98,1033.43,3.0,1,No,No,2021-07-22
12095,Male,50,South,Month-to-Month,DSL,Mailed Check,57,65.0,3484.98,0.0,1,No,No,2025-02-19
12096,Female,74,North,Month-to-Month,Fiber Optic,Mailed Check,45,100.04,4683.88,2.0,1,Yes,No,2021-07-03
12097,Female,69,West,Month-to-Month,Fiber Optic,Credit Card,50,110.48,5122.98,4.0,1,Yes,No,2024-10-02
12098,Female,26,East,Month-to-Month,DSL,Electronic Check,64,50.01,3021.7,4.0,4,No,No,2023-11-10
12099,Female,71,North,Month-to-Month,No Internet,Electronic Check,2,82.55,154.67,1.0,2,Yes,No,2023-02-28
12100,Male,64,East,One Year,Fiber Optic,Electronic Check,45,100.93,4778.27,3.0,0,Yes,No,2020-06-19
12101,Female,18,East,Month-to-Month,DSL,Electronic Check,62,33.31,1914.54,1.0,1,No,No,2023-09-15
12102,Female,61,North,Two Year,Fiber Optic,Credit Card,14,90.08,1294.34,1.0,2,Yes,No,2020-02-04
12103,Male,52,West,Month-to-Month,DSL,Mailed Check,15,63.15,878.21,4.0,0,No,Yes,2023-05-09
12104,Female,28,South,One Year,Fiber Optic,Credit Card,14,127.5,1866.81,1.0,1,No,No,2023-04-06
12105,Female,51,South,Two Year,DSL,Bank Transfer,31,88.65,2929.62,3.0,0,No,No,2024-03-12
12106,Male,33,North,Two Year,Fiber Optic,Bank Transfer,29,92.98,2690.74,2.0,1,No,Yes,2025-03-31
12107,Female,26,South,Two Year,DSL,Mailed Check,27,20.0,566.31,2.0,3,No,No,2023-06-01
12108,Female,49,North,Month-to-Month,No Internet,Electronic Check,9,83.12,772.79,1.0,4,No,Yes,2024-12-30
12109,Male,32,East,Month-to-Month,DSL,Credit Card,20,52.98,1109.72,3.0,1,No,No,2021-06-20
12110,Female,29,South,Month-to-Month,DSL,Bank Transfer,58,93.84,5675.04,1.0,0,No,No,2025-07-18
12111,Male,50,East,Month-to-Month,DSL,Bank Transfer,49,68.0,3174.93,4.0,1,No,Yes,2021-06-27
12112,Male,62,West,Month-to-Month,No Internet,Mailed Check,57,59.02,3363.9,5.0,1,Yes,No,2024-07-03
12113,Male,31,South,Two Year,DSL,Bank Transfer,16,56.08,963.38,4.0,0,No,No,2023-03-19
12114,Female,74,North,One Year,No Internet,Electronic Check,8,62.74,489.35,1.0,0,Yes,No,2022-01-14
12115,Female,74,South,One Year,DSL,Credit Card,67,38.32,2760.71,2.0,3,Yes,No,2025-06-22
12116,Male,25,East,Two Year,DSL,Electronic Check,19,36.6,704.65,2.0,3,No,No,2022-10-16
12117,Male,25,North,One Year,Fiber Optic,Bank Transfer,67,78.61,5234.52,,0,No,No,2021-06-16
12118,Female,44,East,One Year,DSL,Credit Card,36,110.88,4092.43,0.0,0,No,No,2025-04-22
12119,Male,29,North,One Year,Fiber Optic,Bank Transfer,60,104.86,6609.54,6.0,0,No,No,2022-10-12
12120,Female,18,South,Month-to-Month,No Internet,Mailed Check,36,92.1,3259.48,2.0,0,No,No,2025-08-23
12121,Female,60,North,Month-to-Month,DSL,Bank Transfer,11,101.93,1037.44,1.0,1,Yes,No,2022-11-09
12122,Male,57,East,Two Year,No Internet,Electronic Check,51,74.03,3901.67,3.0,1,No,No,2022-07-16
12123,Female,59,East,Two Year,Fiber Optic,Electronic Check,55,70.58,4165.23,2.0,3,No,Yes,2024-02-20
12124,Male,68,East,Two Year,Fiber Optic,Mailed Check,54,71.73,3950.88,1.0,0,Yes,No,2024-10-03
12125,Female,28,North,Month-to-Month,No Internet,Electronic Check,17,51.36,829.59,3.0,3,No,No,2023-09-06
12126,Female,56,South,Two Year,Fiber Optic,Electronic Check,62,102.28,6085.92,2.0,2,No,No,2024-09-17
12127,Female,60,East,Month-to-Month,Fiber Optic,Electronic Check,42,63.59,2845.88,4.0,2,Yes,No,2021-08-29
12128,Male,48,North,Month-to-Month,No Internet,Credit Card,24,124.26,2750.13,3.0,1,No,No,2020-11-21
12129,Female,34,South,Month-to-Month,DSL,Electronic Check,17,49.43,846.86,3.0,0,No,Yes,2020-08-06
12130,Male,50,West,Month-to-Month,Fiber Optic,Mailed Check,48,117.57,5335.17,3.0,0,No,No,2021-06-05
12131,Male,49,North,Month-to-Month,No Internet,Mailed Check,70,102.71,6939.8,0.0,1,No,No,2021-02-08
12132,Male,75,South,Month-to-Month,Fiber Optic,Mailed Check,7,102.61,696.09,2.0,0,Yes,Yes,2022-11-08
12133,Female,46,East,Month-to-Month,No Internet,Electronic Check,14,112.51,1504.39,3.0,2,No,No,2021-08-02
12134,Male,38,West,Month-to-Month,Fiber Optic,Mailed Check,11,82.09,945.23,2.0,1,No,No,2022-02-28
12135,Female,38,East,One Year,DSL,Mailed Check,12,75.21,878.29,1.0,0,No,No,2025-01-28
12136,Female,57,South,One Year,Fiber Optic,Mailed Check,5,92.61,451.6,1.0,0,No,No,2025-08-24
12137,Male,40,South,Month-to-Month,DSL,Bank Transfer,5,86.75,430.49,2.0,2,No,No,2020-11-21
12138,Female,73,South,Month-to-Month,Fiber Optic,Bank Transfer,20,41.53,884.06,3.0,0,Yes,No,2022-08-28
12139,Male,23,East,One Year,No Internet,Electronic Check,54,69.35,3857.65,4.0,0,No,No,2025-01-09
12140,Female,39,West,One Year,Fiber Optic,Mailed Check,55,108.46,5547.01,0.0,1,No,No,2020-06-06
12141,Female,67,East,Month-to-Month,Fiber Optic,Electronic Check,58,77.7,4174.38,1.0,5,Yes,No,2024-12-20
12142,Female,55,East,One Year,DSL,Electronic Check,30,120.99,3668.26,6.0,0,No,Yes,2024-06-09
12143,Female,54,North,Two Year,DSL,Mailed Check,24,70.2,1789.14,1.0,0,No,No,2024-12-02
12144,Male,62,South,Month-to-Month,Fiber Optic,Credit Card,3,99.86,291.11,0.0,2,Yes,Yes,2022-03-16
12145,Male,68,South,Month-to-Month,Fiber Optic,Electronic Check,48,125.77,5793.33,0.0,4,Yes,Yes,2023-07-29
12146,Female,71,North,Month-to-Month,Fiber Optic,Mailed Check,71,90.24,6661.47,0.0,0,Yes,No,2021-05-28
12147,Male,25,East,One Year,Fiber Optic,Mailed Check,22,125.37,2803.19,5.0,0,No,No,2021-05-18
12148,Male,58,East,Month-to-Month,Fiber Optic,Electronic Check,14,101.58,1436.92,3.0,1,No,Yes,2025-03-05
12149,Male,66,West,Month-to-Month,Fiber Optic,Mailed Check,48,101.63,4604.51,3.0,0,Yes,Yes,2021-02-16
12150,Female,52,South,Month-to-Month,DSL,Credit Card,29,49.77,1368.5,2.0,1,No,No,2022-12-23
12151,Male,68,South,Two Year,DSL,Credit Card,50,94.66,4567.75,3.0,2,Yes,No,2022-02-04
12152,Male,28,West,One Year,Fiber Optic,Electronic Check,10,71.84,684.7,1.0,1,No,No,2020-08-24
12153,Female,41,West,One Year,No Internet,Electronic Check,71,67.34,5141.79,0.0,1,No,No,2021-01-30
12154,Female,66,East,Two Year,No Internet,Electronic Check,27,98.48,2454.16,0.0,2,Yes,No,2025-06-27
12155,Male,38,East,Month-to-Month,Fiber Optic,Electronic Check,28,77.83,2223.19,0.0,2,No,No,2025-02-07
12156,Male,68,West,Two Year,Fiber Optic,Mailed Check,9,90.69,818.51,1.0,0,Yes,No,2024-12-04
12157,Male,19,East,One Year,No Internet,Bank Transfer,71,70.65,4874.29,3.0,1,No,No,2023-12-17
12158,Male,57,West,Month-to-Month,Fiber Optic,Mailed Check,26,86.53,2389.3,3.0,1,No,No,2020-05-11
12159,Male,36,South,Two Year,Fiber Optic,Bank Transfer,8,78.26,643.13,0.0,1,No,No,2024-02-05
12160,Female,56,North,Two Year,DSL,Electronic Check,2,41.1,88.75,2.0,1,No,No,2025-07-27
12161,Female,45,East,Two Year,DSL,Mailed Check,57,80.63,4352.26,2.0,0,No,No,2020-04-27
12162,Female,34,East,Month-to-Month,Fiber Optic,Mailed Check,52,102.85,4995.53,2.0,0,No,No,2021-09-29
12163,Male,23,West,Two Year,DSL,Credit Card,58,52.45,2866.58,3.0,2,No,No,2025-08-06
12164,Female,36,West,Two Year,DSL,Electronic Check,3,55.94,161.63,3.0,1,No,No,2025-05-17
12165,Male,73,West,Month-to-Month,DSL,Bank Transfer,8,94.82,748.46,3.0,1,Yes,No,2024-10-28
12166,Female,55,West,Month-to-Month,No Internet,Bank Transfer,59,65.41,4083.09,2.0,0,No,No,2020-12-04
12167,Female,45,North,Month-to-Month,Fiber Optic,Mailed Check,2,89.31,172.44,2.0,0,No,Yes,2023-12-29
12168,Male,19,South,Two Year,DSL,Electronic Check,62,44.96,2972.72,1.0,1,No,No,2023-04-17
12169,Female,55,West,One Year,Fiber Optic,Electronic Check,49,85.41,4160.25,1.0,2,No,No,2025-07-15
12170,Male,72,South,Month-to-Month,Fiber Optic,Credit Card,20,65.1,1332.64,0.0,2,Yes,Yes,2025-05-02
12171,Female,54,West,Month-to-Month,Fiber Optic,Bank Transfer,29,71.88,2005.94,3.0,2,No,No,2024-06-08
12172,Male,68,East,Month-to-Month,Fiber Optic,Electronic Check,17,67.9,1090.77,3.0,1,Yes,Yes,2021-11-06
12173,Male,69,North,One Year,Fiber Optic,Credit Card,22,108.58,2529.97,1.0,0,Yes,No,2025-12-01
12174,Female,21,North,Month-to-Month,Fiber Optic,Credit Card,6,53.76,302.41,0.0,0,No,Yes,2020-11-01
12175,Male,39,South,Two Year,Fiber Optic,Bank Transfer,62,88.67,5738.57,2.0,0,No,Yes,2024-10-23
12176,Female,43,North,One Year,DSL,Electronic Check,31,66.42,2085.7,1.0,2,No,No,2021-09-14
12177,Male,66,South,One Year,Fiber Optic,Credit Card,62,121.91,7995.16,3.0,1,Yes,No,2020-02-24
12178,Female,60,South,Month-to-Month,DSL,Bank Transfer,12,91.49,1136.14,1.0,0,Yes,No,2021-06-07
12179,Female,53,North,Month-to-Month,Fiber Optic,Mailed Check,12,56.0,648.52,5.0,0,No,No,2020-07-08
12180,Male,75,West,Month-to-Month,Fiber Optic,Electronic Check,63,72.99,4653.13,3.0,1,Yes,No,2021-01-23
12181,Male,30,North,Month-to-Month,Fiber Optic,Electronic Check,16,86.65,1278.39,,0,No,Yes,2020-12-11
12182,Male,69,South,Month-to-Month,Fiber Optic,Mailed Check,25,72.98,1817.27,4.0,0,Yes,Yes,2024-08-25
12183,Male,75,South,Two Year,DSL,Credit Card,22,89.71,1842.89,1.0,0,Yes,No,2020-05-20
12184,Male,49,East,Month-to-Month,Fiber Optic,Bank Transfer,18,91.25,1623.83,4.0,0,No,Yes,2020-08-26
12185,Female,34,South,Month-to-Month,No Internet,Bank Transfer,45,67.17,2833.85,2.0,0,No,Yes,2023-12-24
12186,Female,58,East,Month-to-Month,No Internet,Electronic Check,68,96.52,7041.68,7.0,0,No,No,2023-01-26
12187,Female,53,West,Month-to-Month,Fiber Optic,Bank Transfer,12,57.57,693.39,1.0,0,No,No,2025-03-25
12188,Female,72,East,Two Year,DSL,Bank Transfer,49,60.36,3153.18,2.0,1,Yes,Yes,2022-08-27
12189,Female,63,North,Month-to-Month,Fiber Optic,Credit Card,33,93.2,2840.56,1.0,1,Yes,Yes,2022-10-31
12190,Female,36,South,Month-to-Month,DSL,Electronic Check,63,68.47,4408.62,0.0,3,No,No,2020-06-26
12191,Male,75,West,One Year,DSL,Mailed Check,18,20.0,348.88,1.0,0,Yes,No,2022-09-09
12192,Female,52,East,Month-to-Month,Fiber Optic,Credit Card,54,95.48,5099.68,1.0,1,No,Yes,2021-09-29
12193,Female,63,West,Month-to-Month,Fiber Optic,Bank Transfer,27,99.57,2848.87,1.0,0,Yes,Yes,2023-03-02
12194,Female,57,North,Month-to-Month,Fiber Optic,Mailed Check,25,61.69,1660.7,2.0,1,No,No,2024-04-26
12195,Male,73,West,Month-to-Month,Fiber Optic,Credit Card,34,32.43,1057.9,2.0,2,Yes,No,2023-01-29
12196,Male,45,East,Month-to-Month,DSL,Bank Transfer,60,55.06,3540.54,5.0,4,No,No,2023-07-31
12197,Male,18,East,Month-to-Month,Fiber Optic,Mailed Check,54,81.91,4556.7,2.0,0,No,No,2020-05-18
12198,Female,59,West,Two Year,Fiber Optic,Credit Card,5,79.24,424.82,1.0,0,No,No,2020-03-09
12199,Female,35,East,Month-to-Month,Fiber Optic,Credit Card,36,37.82,1375.11,5.0,1,No,No,2021-06-28
12200,Male,65,North,One Year,DSL,Mailed Check,54,77.08,4469.17,1.0,0,Yes,No,2023-06-05
12201,Female,57,East,One Year,Fiber Optic,Electronic Check,36,112.72,4312.73,2.0,0,No,No,2024-07-29
12202,Male,50,North,One Year,DSL,Electronic Check,69,95.92,6225.17,2.0,2,No,No,2023-10-27
12203,Male,29,East,Month-to-Month,DSL,Mailed Check,39,102.55,3878.37,2.0,1,No,No,2022-10-11
12204,Male,25,West,Month-to-Month,DSL,Bank Transfer,70,41.68,2797.66,0.0,0,No,No,2021-10-07
12205,Female,41,East,One Year,DSL,Mailed Check,4,93.98,380.26,2.0,2,No,Yes,2022-01-26
12206,Female,33,North,One Year,Fiber Optic,Electronic Check,65,63.65,4337.69,1.0,3,No,No,2025-07-24
12207,Male,67,South,One Year,Fiber Optic,Electronic Check,40,106.73,4446.4,4.0,1,Yes,No,2025-10-04
12208,Female,21,South,Month-to-Month,DSL,Electronic Check,37,53.57,2054.0,5.0,0,No,No,2024-07-26
12209,Male,55,North,Two Year,No Internet,Bank Transfer,67,75.8,4977.24,1.0,1,No,No,2025-04-29
12210,Female,61,West,Month-to-Month,DSL,Credit Card,31,110.38,3224.49,1.0,1,Yes,Yes,2021-04-15
12211,Female,44,South,Month-to-Month,Fiber Optic,Credit Card,47,110.32,4944.94,3.0,2,No,Yes,2023-05-16
12212,Female,26,North,Month-to-Month,Fiber Optic,Electronic Check,27,63.94,1793.14,2.0,0,No,Yes,2020-02-04
12213,Male,64,East,Month-to-Month,No Internet,Bank Transfer,51,43.53,2094.83,1.0,0,Yes,No,2022-09-02
12214,Female,33,South,Month-to-Month,Fiber Optic,Credit Card,20,106.41,2033.86,3.0,3,No,Yes,2020-01-21
12215,Female,73,West,One Year,Fiber Optic,Electronic Check,13,119.99,1541.04,4.0,2,Yes,No,2023-03-09
12216,Male,29,East,Two Year,Fiber Optic,Mailed Check,63,92.74,5442.62,0.0,1,No,No,2021-04-01
12217,Female,48,East,Two Year,No Internet,Electronic Check,44,54.22,2276.01,2.0,2,No,No,2021-01-17
12218,Male,41,East,Month-to-Month,Fiber Optic,Bank Transfer,24,88.05,1994.78,4.0,2,No,No,2022-11-28
12219,Female,72,West,One Year,Fiber Optic,Mailed Check,3,97.81,314.62,1.0,1,Yes,Yes,2024-05-09
12220,Male,31,East,Month-to-Month,DSL,Credit Card,10,69.76,663.17,5.0,0,No,No,2025-02-08
12221,Female,62,East,Month-to-Month,Fiber Optic,Electronic Check,65,63.97,4398.73,4.0,1,Yes,No,2020-02-16
12222,Female,42,East,Month-to-Month,No Internet,Electronic Check,49,98.59,4533.17,4.0,1,No,Yes,2022-01-15
12223,Male,51,North,Month-to-Month,DSL,Mailed Check,58,118.96,7307.78,1.0,0,No,Yes,2021-06-22
12224,Male,20,North,Month-to-Month,Fiber Optic,Electronic Check,2,122.66,249.22,3.0,1,No,Yes,2023-11-08
12225,Male,75,West,Month-to-Month,No Internet,Bank Transfer,66,20.0,1393.86,1.0,0,Yes,No,2022-12-07
12226,Male,41,East,One Year,No Internet,Mailed Check,31,100.9,3311.74,1.0,1,No,No,2021-11-09
12227,Male,71,East,Two Year,Fiber Optic,Mailed Check,68,96.45,6659.73,1.0,0,Yes,No,2022-09-10
12228,Female,59,South,Month-to-Month,Fiber Optic,Credit Card,37,70.57,2785.59,0.0,0,No,No,2025-08-05
12229,Male,26,West,Two Year,DSL,Bank Transfer,24,20.0,486.56,2.0,1,No,No,2024-12-11
12230,Male,43,West,One Year,Fiber Optic,Mailed Check,44,84.16,3828.98,3.0,1,No,No,2024-07-11
12231,Female,37,East,Month-to-Month,No Internet,Credit Card,41,81.09,3280.05,2.0,0,No,No,2020-02-14
12232,Male,57,North,One Year,No Internet,Electronic Check,51,44.33,2410.61,2.0,0,No,No,2020-10-01
12233,Female,27,West,Month-to-Month,Fiber Optic,Electronic Check,42,117.81,5204.65,2.0,2,No,No,2020-08-19
12234,Female,36,East,Two Year,No Internet,Electronic Check,40,97.2,3680.67,0.0,0,No,Yes,2020-03-26
12235,Female,20,East,One Year,Fiber Optic,Mailed Check,48,98.7,4795.5,2.0,0,No,No,2024-11-13
12236,Female,41,West,Two Year,DSL,Credit Card,4,32.68,139.02,3.0,1,No,No,2020-06-25
12237,Female,22,South,One Year,Fiber Optic,Mailed Check,60,80.45,5053.34,1.0,0,No,No,2024-11-04
12238,Male,20,South,Two Year,No Internet,Bank Transfer,39,85.09,3564.11,1.0,1,No,No,2024-06-01
12239,Male,75,North,One Year,DSL,Bank Transfer,5,88.44,423.19,3.0,0,Yes,No,2021-08-10
12240,Male,44,North,Month-to-Month,DSL,Credit Card,6,54.52,320.18,2.0,0,No,No,2021-08-25
12241,Female,33,East,Month-to-Month,No Internet,Electronic Check,14,58.19,815.6,3.0,1,No,No,2023-06-10
12242,Male,66,North,Month-to-Month,DSL,Mailed Check,70,53.88,3610.28,2.0,0,Yes,No,2025-12-01
12243,Female,32,North,Month-to-Month,Fiber Optic,Credit Card,12,79.93,942.9,3.0,1,No,Yes,2024-03-11
12244,Female,52,East,Month-to-Month,No Internet,Credit Card,62,59.83,3731.74,5.0,1,No,No,2021-08-06
12245,Female,29,South,Two Year,DSL,Electronic Check,27,50.28,1290.52,3.0,1,No,No,2023-04-05
12246,Male,58,East,One Year,No Internet,Mailed Check,54,68.56,3558.11,2.0,0,No,No,2025-10-20
12247,Male,70,West,Two Year,No Internet,Mailed Check,12,68.0,767.02,1.0,0,Yes,No,2022-05-09
12248,Female,61,North,Two Year,Fiber Optic,Credit Card,8,109.18,903.26,4.0,2,Yes,No,2022-10-31
12249,Female,43,North,One Year,Fiber Optic,Credit Card,16,42.47,664.47,0.0,0,No,No,2022-03-20
12250,Male,64,North,Two Year,Fiber Optic,Bank Transfer,52,112.48,5587.18,3.0,1,Yes,No,2021-09-29
12251,Male,51,East,Month-to-Month,DSL,Electronic Check,26,53.32,1387.94,2.0,2,No,Yes,2020-06-01
12252,Female,40,South,Two Year,Fiber Optic,Electronic Check,8,,957.06,0.0,0,No,No,2023-03-31
12253,Female,48,North,Month-to-Month,DSL,Bank Transfer,45,88.83,4268.15,4.0,0,No,No,2024-12-18
12254,Female,67,West,Month-to-Month,Fiber Optic,Electronic Check,19,100.68,1850.01,1.0,0,Yes,Yes,2020-05-18
12255,Female,37,South,Month-to-Month,Fiber Optic,Credit Card,17,84.4,1523.52,3.0,1,No,No,2025-11-13
12256,Female,29,North,One Year,Fiber Optic,Credit Card,65,138.58,9004.27,1.0,0,No,No,2021-12-26
12257,Male,40,East,One Year,Fiber Optic,Credit Card,29,86.23,2640.77,3.0,2,No,No,2024-05-23
12258,Male,21,South,Month-to-Month,DSL,Electronic Check,14,109.79,1474.86,0.0,0,No,No,2023-10-11
12259,Male,40,East,Month-to-Month,Fiber Optic,Credit Card,17,72.64,1170.72,3.0,0,No,Yes,2020-01-19
12260,Male,65,East,Two Year,Fiber Optic,Electronic Check,13,99.91,1371.44,2.0,1,Yes,No,2023-12-07
12261,Female,72,West,One Year,Fiber Optic,Credit Card,63,134.45,8081.29,0.0,0,Yes,No,2025-05-15
12262,Female,65,South,Month-to-Month,DSL,Bank Transfer,33,50.8,1742.44,1.0,1,Yes,Yes,2025-01-25
12263,Female,18,East,One Year,DSL,Mailed Check,29,84.28,2383.34,5.0,0,No,No,2023-11-26
12264,Male,71,North,One Year,Fiber Optic,Electronic Check,37,69.34,2667.46,1.0,1,Yes,No,2022-05-12
12265,Female,42,East,Two Year,DSL,Mailed Check,46,77.74,3809.28,2.0,0,No,No,2020-04-10
12266,Female,19,North,Month-to-Month,Fiber Optic,Electronic Check,24,134.35,3472.88,2.0,0,No,No,2021-08-15
12267,Female,47,West,Month-to-Month,Fiber Optic,Credit Card,14,63.66,871.25,4.0,2,No,Yes,2025-08-27
12268,Female,20,North,Month-to-Month,DSL,Credit Card,5,75.9,371.46,2.0,0,No,No,2023-03-24
12269,Male,75,East,Month-to-Month,Fiber Optic,Credit Card,53,66.14,3775.41,3.0,0,Yes,No,2025-12-16
12270,Male,38,North,Two Year,DSL,Bank Transfer,30,63.77,2023.76,2.0,1,No,Yes,2025-04-17
12271,Male,42,South,Month-to-Month,Fiber Optic,Credit Card,60,102.53,5704.04,2.0,1,No,Yes,2023-08-31
12272,Male,37,North,Two Year,No Internet,Electronic Check,28,59.55,1687.0,1.0,1,No,No,2020-12-31
12273,Male,66,West,Month-to-Month,Fiber Optic,Mailed Check,26,126.35,3117.56,3.0,0,Yes,Yes,2023-03-30
12274,Female,69,South,Two Year,DSL,Electronic Check,18,79.08,1535.95,0.0,2,Yes,No,2025-05-09
12275,Female,39,East,Month-to-Month,No Internet,Electronic Check,36,38.91,1319.83,1.0,1,No,No,2024-07-12
12276,Female,38,North,Two Year,Fiber Optic,Electronic Check,8,89.99,726.76,2.0,2,No,No,2020-11-27
12277,Female,50,South,Two Year,DSL,Electronic Check,18,103.53,1912.8,0.0,1,No,No,2021-11-15
12278,Male,69,East,Two Year,Fiber Optic,Credit Card,58,95.56,5930.07,1.0,1,Yes,No,2024-08-15
12279,Female,55,West,Month-to-Month,DSL,Credit Card,32,78.52,2652.25,1.0,1,No,Yes,2022-06-29
12280,Male,32,East,Month-to-Month,Fiber Optic,Electronic Check,49,79.56,3739.85,2.0,2,No,Yes,2025-08-29
12281,Male,75,North,One Year,Fiber Optic,Electronic Check,48,84.57,4106.53,2.0,1,Yes,No,2021-06-29
12282,Male,75,North,Month-to-Month,DSL,Bank Transfer,71,72.27,5503.55,3.0,0,Yes,No,2025-08-08
12283,Male,63,West,Month-to-Month,Fiber Optic,Bank Transfer,65,25.85,1743.62,3.0,1,Yes,No,2023-03-27
12284,Male,69,West,Month-to-Month,DSL,Mailed Check,33,83.59,2841.59,4.0,2,Yes,Yes,2021-08-27
12285,Male,32,East,Month-to-Month,Fiber Optic,Mailed Check,50,111.92,5824.23,1.0,0,No,No,2024-10-19
12286,Male,63,West,One Year,Fiber Optic,Mailed Check,4,68.3,265.44,0.0,0,Yes,Yes,2025-11-06
12287,Female,42,East,Month-to-Month,DSL,Bank Transfer,36,77.81,2903.91,2.0,2,No,No,2025-07-03
12288,Male,38,South,Month-to-Month,DSL,Bank Transfer,28,80.84,2166.77,2.0,0,No,Yes,2020-02-09
12289,Male,41,East,Month-to-Month,Fiber Optic,Electronic Check,3,107.26,318.08,2.0,0,No,No,2025-06-22
12290,Male,74,South,One Year,Fiber Optic,Bank Transfer,6,87.31,556.54,3.0,2,Yes,No,2022-07-22
12291,Female,75,North,Month-to-Month,Fiber Optic,Electronic Check,45,100.49,4174.01,0.0,1,Yes,No,2020-07-21
12292,Male,22,West,Month-to-Month,Fiber Optic,Mailed Check,23,57.96,1314.8,1.0,1,No,Yes,2024-05-01
12293,Male,23,North,Two Year,Fiber Optic,Credit Card,7,56.64,381.69,2.0,2,No,No,2020-08-30
12294,Male,66,West,Two Year,Fiber Optic,Bank Transfer,61,92.78,5386.64,0.0,1,Yes,No,2024-03-09
12295,Male,60,West,Two Year,DSL,Electronic Check,65,61.26,4197.61,4.0,2,Yes,No,2025-11-05
12296,Male,65,East,Two Year,DSL,Credit Card,6,27.48,170.06,0.0,0,Yes,No,2025-04-14
12297,Male,61,West,Month-to-Month,Fiber Optic,Electronic Check,24,95.69,2154.22,2.0,1,Yes,No,2021-10-21
12298,Male,64,East,One Year,Fiber Optic,Electronic Check,37,55.13,2038.0,2.0,2,Yes,No,2021-12-13
12299,Male,40,East,Month-to-Month,Fiber Optic,Credit Card,45,154.57,6918.82,2.0,1,No,Yes,2023-03-20
12300,Male,21,West,One Year,DSL,Electronic Check,51,20.0,961.66,4.0,1,No,No,2023-01-28
12301,Female,44,East,Month-to-Month,No Internet,Credit Card,45,73.32,3457.65,3.0,2,No,Yes,2020-09-03
12302,Female,35,East,One Year,DSL,Credit Card,63,44.1,2719.03,3.0,0,No,No,2021-12-31
12303,Male,38,East,One Year,DSL,Mailed Check,29,94.9,2867.44,3.0,3,No,No,2024-04-09
12304,Male,45,East,Month-to-Month,No Internet,Credit Card,25,61.93,1471.97,3.0,1,No,No,2022-09-11
12305,Female,52,East,One Year,Fiber Optic,Credit Card,10,112.32,1089.97,1.0,2,No,No,2021-05-10
12306,Male,39,South,Month-to-Month,Fiber Optic,Mailed Check,35,106.18,3475.59,2.0,1,No,No,2023-08-05
12307,Male,57,East,Month-to-Month,DSL,Credit Card,55,45.31,2349.9,3.0,0,No,No,2025-10-27
12308,Female,40,North,Month-to-Month,Fiber Optic,Credit Card,25,68.82,1825.98,1.0,1,No,No,2023-11-09
12309,Male,20,East,Month-to-Month,DSL,Credit Card,45,63.39,2674.15,9.0,1,No,No,2022-12-18
12310,Male,57,South,Month-to-Month,DSL,Bank Transfer,12,70.31,789.15,1.0,0,No,No,2022-06-17
12311,Male,67,East,Two Year,DSL,Credit Card,4,62.09,265.86,4.0,0,Yes,No,2021-06-27
12312,Female,27,South,Month-to-Month,Fiber Optic,Credit Card,67,105.2,7212.94,0.0,1,No,No,2025-03-17
12313,Male,42,North,Month-to-Month,DSL,Bank Transfer,17,77.85,1238.94,3.0,1,No,No,2020-08-06
12314,Female,69,East,Month-to-Month,DSL,Electronic Check,65,56.68,3962.26,1.0,3,Yes,Yes,2022-09-21
12315,Female,66,South,One Year,DSL,Mailed Check,53,49.19,2459.86,2.0,0,Yes,No,2025-06-02
12316,Male,25,West,One Year,DSL,Credit Card,57,51.6,3066.54,2.0,1,No,No,2025-11-20
12317,Male,72,East,One Year,No Internet,Credit Card,28,80.25,2079.77,2.0,0,Yes,No,2025-06-30
12318,Male,28,South,One Year,Fiber Optic,Bank Transfer,16,82.17,1340.92,1.0,0,No,No,2022-06-02
12319,Male,22,South,Two Year,Fiber Optic,Electronic Check,21,134.01,2835.24,2.0,1,No,No,2023-02-16
12320,Male,75,West,Two Year,Fiber Optic,Mailed Check,42,81.99,3282.7,1.0,0,Yes,No,2020-01-07
12321,Female,62,West,One Year,Fiber Optic,Mailed Check,54,91.72,5066.32,0.0,1,Yes,No,2024-03-25
12322,Female,70,South,Month-to-Month,No Internet,Credit Card,32,26.97,879.2,2.0,1,Yes,No,2022-04-07
12323,Female,72,North,One Year,No Internet,Mailed Check,38,38.55,1534.83,2.0,1,Yes,No,2023-07-28
12324,Male,54,South,Month-to-Month,Fiber Optic,Electronic Check,70,58.96,4375.41,2.0,0,No,No,2025-09-20
12325,Female,73,North,One Year,Fiber Optic,Mailed Check,38,73.67,2803.99,3.0,3,Yes,No,2020-04-05
12326,Female,62,East,Two Year,Fiber Optic,Electronic Check,54,44.94,2422.99,1.0,0,Yes,No,2024-03-07
12327,Female,55,South,One Year,No Internet,Electronic Check,60,43.13,2638.15,2.0,0,No,No,2020-04-23
12328,Male,46,East,Two Year,Fiber Optic,Electronic Check,47,98.62,4805.13,2.0,2,No,Yes,2020-11-25
12329,Female,22,East,Month-to-Month,Fiber Optic,Electronic Check,12,65.5,767.91,1.0,3,No,Yes,2023-05-25
12330,Male,26,West,Month-to-Month,Fiber Optic,Electronic Check,53,85.97,4559.79,0.0,2,No,No,2025-05-22
12331,Male,65,North,Month-to-Month,Fiber Optic,Mailed Check,33,101.8,3405.14,6.0,0,Yes,No,2021-12-17
12332,Male,19,East,Two Year,No Internet,Mailed Check,28,90.67,2737.14,3.0,1,No,Yes,2020-09-20
12333,Female,18,South,Two Year,Fiber Optic,Electronic Check,3,89.31,271.69,1.0,2,No,No,2020-11-13
12334,Female,57,West,One Year,Fiber Optic,Electronic Check,26,95.82,2381.38,1.0,2,No,No,2024-10-03
12335,Male,68,West,One Year,Fiber Optic,Mailed Check,54,111.43,6101.93,2.0,1,Yes,No,2021-10-02
12336,Male,47,South,One Year,DSL,Credit Card,40,82.36,3462.81,2.0,1,No,No,2022-05-08
12337,Male,28,West,Two Year,DSL,Electronic Check,66,92.89,6481.32,1.0,1,No,No,2020-05-27
12338,Male,45,East,Two Year,Fiber Optic,Credit Card,68,28.42,2025.4,2.0,1,No,No,2025-01-20
12339,Male,61,East,One Year,Fiber Optic,Credit Card,47,84.91,4238.65,1.0,1,Yes,Yes,2024-01-10
12340,Male,29,South,One Year,No Internet,Electronic Check,2,73.39,142.9,1.0,0,No,No,2022-09-01
12341,Female,56,East,Month-to-Month,Fiber Optic,Bank Transfer,42,84.05,3534.38,4.0,0,No,Yes,2023-07-09
12342,Male,43,West,One Year,DSL,Bank Transfer,34,75.08,2666.91,3.0,1,No,No,2020-02-21
12343,Male,30,West,Month-to-Month,Fiber Optic,Electronic Check,21,76.79,1551.81,2.0,1,No,Yes,2020-09-14
12344,Male,25,West,Month-to-Month,Fiber Optic,Mailed Check,44,106.72,4599.2,1.0,2,No,No,2022-10-16
12345,Female,71,East,Two Year,DSL,Credit Card,2,53.61,112.9,2.0,0,Yes,No,2020-09-04
12346,Female,45,West,Month-to-Month,No Internet,Electronic Check,59,66.56,4096.74,4.0,1,No,No,2025-03-27
12347,Female,75,West,Two Year,DSL,Electronic Check,16,103.1,1773.97,3.0,1,Yes,Yes,2020-10-14
12348,Male,47,South,Month-to-Month,Fiber Optic,Electronic Check,20,119.61,2582.04,0.0,0,No,Yes,2023-07-01
12349,Female,26,East,Month-to-Month,Fiber Optic,Credit Card,26,90.94,2266.36,2.0,1,No,Yes,2022-08-04
12350,Male,56,West,Month-to-Month,Fiber Optic,Electronic Check,16,71.08,1210.15,2.0,0,No,No,2024-09-28
12351,Female,48,West,Month-to-Month,DSL,Credit Card,70,31.14,2038.38,2.0,2,No,No,2023-01-20
12352,Female,75,West,Month-to-Month,DSL,Electronic Check,23,68.72,1633.62,4.0,1,Yes,Yes,2021-06-27
12353,Female,38,North,Month-to-Month,Fiber Optic,Bank Transfer,42,99.7,3999.87,3.0,1,No,Yes,2021-10-04
12354,Female,73,East,Month-to-Month,DSL,Bank Transfer,37,53.97,1933.09,5.0,1,Yes,No,2020-01-13
12355,Female,64,East,Month-to-Month,DSL,Credit Card,72,72.15,5565.77,2.0,2,Yes,No,2022-04-17
12356,Male,51,North,Month-to-Month,Fiber Optic,Bank Transfer,6,78.29,451.94,1.0,0,No,No,2024-03-29
12357,Female,72,West,One Year,DSL,Mailed Check,37,28.95,1100.83,2.0,1,Yes,No,2022-04-18
12358,Male,48,West,Month-to-Month,Fiber Optic,Bank Transfer,22,89.93,1876.57,0.0,3,No,Yes,2024-07-21
12359,Female,69,East,One Year,Fiber Optic,Credit Card,6,97.88,549.07,2.0,0,Yes,No,2024-04-16
12360,Male,42,East,One Year,No Internet,Credit Card,32,75.99,2369.16,1.0,1,No,No,2020-10-14
12361,Male,29,East,Month-to-Month,Fiber Optic,Mailed Check,17,127.31,2207.28,1.0,0,No,Yes,2021-03-11
12362,Male,18,East,Two Year,Fiber Optic,Electronic Check,38,73.95,2696.77,3.0,2,No,No,2022-09-16
12363,Male,72,North,One Year,DSL,Electronic Check,17,61.97,1019.81,1.0,2,Yes,No,2025-10-29
12364,Male,39,South,One Year,No Internet,Credit Card,37,126.16,4823.81,0.0,1,No,Yes,2020-09-11
12365,Female,57,East,Month-to-Month,No Internet,Bank Transfer,23,40.78,878.33,3.0,0,No,Yes,2025-02-19
12366,Male,54,West,One Year,DSL,Bank Transfer,49,56.5,2744.98,1.0,1,No,No,2025-07-02
12367,Male,64,East,Two Year,Fiber Optic,Electronic Check,61,91.02,5944.64,3.0,1,Yes,No,2025-01-08
12368,Female,18,West,Month-to-Month,No Internet,Electronic Check,49,100.13,4825.49,5.0,2,No,Yes,2020-06-14
12369,Male,18,East,Month-to-Month,DSL,Mailed Check,61,95.37,5756.32,0.0,0,No,No,2021-04-09
12370,Female,74,South,Month-to-Month,Fiber Optic,Electronic Check,32,61.0,2026.4,1.0,0,Yes,Yes,2020-09-12
12371,Female,59,North,One Year,No Internet,Electronic Check,63,112.69,7416.4,2.0,1,No,No,2021-02-26
12372,Female,71,South,Month-to-Month,Fiber Optic,Credit Card,7,98.6,719.97,4.0,0,Yes,Yes,2020-07-16
12373,Female,59,South,One Year,Fiber Optic,Bank Transfer,22,66.52,1580.02,3.0,3,No,No,2023-05-21
12374,Male,38,West,Month-to-Month,No Internet,Bank Transfer,6,53.62,299.66,2.0,1,No,No,2021-07-10
12375,Female,32,West,Two Year,DSL,Mailed Check,61,68.79,4519.97,5.0,0,No,No,2025-01-11
12376,Male,34,East,Month-to-Month,Fiber Optic,Electronic Check,14,140.81,2113.34,2.0,2,No,No,2025-03-10
12377,Male,39,West,Month-to-Month,Fiber Optic,Credit Card,16,92.31,1560.18,1.0,1,No,No,2023-07-12
12378,Female,55,South,One Year,DSL,Electronic Check,3,125.58,373.97,1.0,1,No,No,2025-05-30
12379,Male,52,East,Month-to-Month,Fiber Optic,Mailed Check,9,108.95,1038.74,3.0,2,No,Yes,2023-09-10
12380,Female,62,South,Month-to-Month,Fiber Optic,Credit Card,47,55.44,2489.29,2.0,4,Yes,Yes,2021-07-08
12381,Female,33,West,Month-to-Month,DSL,Electronic Check,42,107.19,4712.06,3.0,0,No,No,2020-01-07
12382,Female,25,South,One Year,No Internet,Bank Transfer,42,48.4,1930.42,0.0,0,No,No,2024-10-31
12383,Female,64,South,Two Year,DSL,Credit Card,23,51.62,1247.17,3.0,0,Yes,No,2025-09-22
12384,Male,34,North,Two Year,DSL,Credit Card,3,73.89,225.73,1.0,1,No,No,2022-01-04
12385,Male,34,North,Month-to-Month,DSL,Mailed Check,1,71.29,66.7,0.0,1,No,No,2024-05-22
12386,Female,71,West,Month-to-Month,DSL,Electronic Check,67,94.34,6720.58,2.0,1,Yes,Yes,2024-07-15
12387,Male,43,South,One Year,Fiber Optic,Electronic Check,71,99.54,7155.49,2.0,1,No,No,2022-03-22
12388,Female,30,South,One Year,No Internet,Electronic Check,3,69.05,212.33,4.0,0,No,No,2025-06-21
12389,Female,34,South,Month-to-Month,Fiber Optic,Electronic Check,49,129.47,6124.28,3.0,2,No,No,2023-05-13
12390,Female,55,North,Month-to-Month,Fiber Optic,Electronic Check,67,75.14,5333.73,2.0,1,No,Yes,2025-05-16
12391,Male,34,North,Month-to-Month,Fiber Optic,Bank Transfer,55,62.0,3434.66,3.0,3,No,No,2021-05-05
12392,Male,65,South,One Year,DSL,Electronic Check,4,83.58,330.1,1.0,0,Yes,Yes,2020-11-13
12393,Male,31,North,Month-to-Month,Fiber Optic,Mailed Check,31,,2697.77,2.0,1,No,No,2023-04-09
12394,Male,62,South,Two Year,Fiber Optic,Electronic Check,66,88.13,6005.79,2.0,0,Yes,No,2020-08-05
12395,Female,23,West,Month-to-Month,DSL,Electronic Check,64,90.45,5969.45,1.0,1,No,No,2025-01-14
12396,Male,52,East,Month-to-Month,No Internet,Electronic Check,31,67.37,2040.88,5.0,0,No,No,2023-05-01
12397,Male,63,West,Month-to-Month,DSL,Bank Transfer,63,118.47,7326.59,4.0,2,Yes,No,2020-11-28
12398,Male,31,West,Month-to-Month,Fiber Optic,Credit Card,66,93.62,6240.45,1.0,2,No,No,2023-03-22
12399,Female,64,East,Month-to-Month,Fiber Optic,Bank Transfer,31,75.74,2507.38,0.0,0,Yes,No,2025-06-26
12400,Female,25,East,Month-to-Month,DSL,Bank Transfer,47,86.74,4236.87,2.0,0,No,No,2022-12-02
12401,Male,32,North,Month-to-Month,Fiber Optic,Mailed Check,22,84.86,1834.19,1.0,1,No,Yes,2024-07-06
12402,Male,71,East,Month-to-Month,DSL,Bank Transfer,46,74.83,3352.43,1.0,2,Yes,Yes,2024-07-31
12403,Male,44,West,Month-to-Month,Fiber Optic,Electronic Check,58,59.35,3455.32,1.0,1,No,No,2020-12-14
12404,Male,30,North,Two Year,No Internet,Bank Transfer,61,42.18,2725.3,3.0,0,No,No,2025-10-23
12405,Female,66,South,Month-to-Month,Fiber Optic,Mailed Check,46,113.54,4812.27,3.0,0,Yes,No,2020-02-07
12406,Female,48,North,One Year,Fiber Optic,Mailed Check,1,56.14,58.03,1.0,3,No,No,2020-07-30
12407,Male,70,South,Month-to-Month,No Internet,Electronic Check,25,68.94,1666.83,1.0,0,Yes,No,2024-07-31
12408,Male,73,North,Month-to-Month,Fiber Optic,Bank Transfer,61,95.15,5533.35,1.0,2,Yes,No,2022-09-17
12409,Female,52,West,Month-to-Month,Fiber Optic,Electronic Check,14,122.33,1578.94,4.0,2,No,Yes,2022-02-23
12410,Male,23,North,Month-to-Month,No Internet,Electronic Check,45,59.97,2869.89,0.0,2,No,No,2020-01-05
12411,Female,22,North,Month-to-Month,Fiber Optic,Bank Transfer,39,105.97,4405.43,1.0,1,No,No,2024-06-30
12412,Male,39,West,Month-to-Month,Fiber Optic,Mailed Check,66,83.99,5154.35,2.0,1,No,No,2023-06-20
12413,Male,75,East,One Year,Fiber Optic,Credit Card,32,32.5,1043.63,1.0,0,Yes,No,2020-05-27
12414,Male,66,North,Month-to-Month,Fiber Optic,Mailed Check,58,88.15,4828.49,3.0,0,Yes,No,2024-09-05
12415,Male,40,East,Month-to-Month,Fiber Optic,Electronic Check,56,85.33,4976.26,2.0,2,No,No,2023-09-08
12416,Female,42,North,Month-to-Month,DSL,Electronic Check,6,82.63,508.9,6.0,2,No,No,2024-08-01
12417,Male,51,East,One Year,DSL,Credit Card,67,55.93,3625.68,1.0,1,No,No,2025-05-22
12418,Male,43,North,One Year,Fiber Optic,Credit Card,50,73.6,3454.47,1.0,0,No,No,2021-03-03
12419,Male,64,West,Month-to-Month,Fiber Optic,Mailed Check,38,117.03,4682.82,4.0,1,Yes,Yes,2021-01-03
12420,Male,22,East,Month-to-Month,No Internet,Electronic Check,3,63.6,196.12,1.0,2,No,Yes,2021-10-09
12421,Male,43,West,One Year,No Internet,Credit Card,5,24.16,111.27,1.0,0,No,No,2024-01-10
12422,Male,37,North,Month-to-Month,Fiber Optic,Credit Card,24,99.26,2430.98,4.0,0,No,Yes,2021-06-22
12423,Female,23,South,One Year,DSL,Electronic Check,54,93.56,5303.07,1.0,1,No,No,2023-07-26
12424,Male,23,South,One Year,DSL,Mailed Check,34,93.34,3219.65,1.0,0,No,No,2023-02-17
12425,Male,67,West,Month-to-Month,Fiber Optic,Credit Card,39,71.62,2759.53,4.0,1,Yes,No,2025-03-09
12426,Female,35,North,Month-to-Month,Fiber Optic,Credit Card,48,87.01,4232.56,6.0,0,No,Yes,2022-12-24
12427,Male,21,West,One Year,Fiber Optic,Bank Transfer,49,100.28,5007.84,0.0,2,No,No,2024-05-28
12428,Female,34,West,Month-to-Month,No Internet,Electronic Check,34,96.1,3340.61,5.0,3,No,Yes,2023-08-19
12429,Male,74,East,Month-to-Month,DSL,Bank Transfer,7,84.55,636.08,1.0,2,Yes,Yes,2020-06-22
12430,Female,31,North,One Year,DSL,Electronic Check,18,91.39,1560.44,3.0,2,No,No,2025-04-07
12431,Female,31,West,Month-to-Month,Fiber Optic,Electronic Check,70,68.7,4903.71,4.0,1,No,No,2023-07-07
12432,Female,30,East,Month-to-Month,DSL,Mailed Check,34,20.0,646.05,2.0,0,No,No,2025-10-21
12433,Female,24,North,Month-to-Month,DSL,Bank Transfer,51,98.34,4782.59,1.0,0,No,No,2023-01-07
12434,Male,61,North,One Year,No Internet,Credit Card,68,48.35,3376.84,1.0,0,Yes,No,2022-12-03
12435,Female,72,West,Month-to-Month,Fiber Optic,Bank Transfer,14,82.71,1235.0,1.0,1,Yes,Yes,2022-01-14
12436,Male,32,East,Two Year,DSL,Mailed Check,69,87.2,5688.57,2.0,1,No,No,2025-10-27
12437,Male,36,West,One Year,Fiber Optic,Electronic Check,8,87.67,753.26,3.0,0,No,No,2025-12-26
12438,Male,60,West,Month-to-Month,DSL,Electronic Check,15,89.57,1304.72,1.0,3,Yes,No,2025-04-09
12439,Female,64,North,Month-to-Month,DSL,Credit Card,59,133.37,7731.99,1.0,0,Yes,No,2022-06-01
12440,Male,61,West,Month-to-Month,Fiber Optic,Electronic Check,11,100.79,1047.26,3.0,1,Yes,Yes,2025-03-16
12441,Female,52,North,One Year,DSL,Electronic Check,20,53.78,1095.53,2.0,1,No,No,2025-02-02
12442,Female,34,South,Two Year,Fiber Optic,Mailed Check,55,45.82,2558.98,2.0,1,No,No,2021-11-26
12443,Female,52,East,One Year,No Internet,Electronic Check,36,88.92,3171.55,1.0,1,No,No,2020-03-17
12444,Female,36,South,Month-to-Month,Fiber Optic,Bank Transfer,14,89.04,1241.79,0.0,1,No,No,2025-05-01
12445,Male,37,West,One Year,DSL,Credit Card,58,37.53,2219.57,4.0,2,No,No,2025-02-21
12446,Male,53,East,Month-to-Month,No Internet,Credit Card,38,101.48,3907.76,2.0,1,No,Yes,2023-05-28
12447,Male,52,West,One Year,Fiber Optic,Bank Transfer,1,105.1,102.99,1.0,0,No,No,2024-05-27
12448,Male,49,East,One Year,DSL,Credit Card,65,71.71,4947.62,5.0,1,No,No,2022-10-09
12449,Male,75,East,Month-to-Month,Fiber Optic,Electronic Check,1,141.67,145.47,0.0,0,Yes,Yes,2020-07-08
12450,Male,65,West,Month-to-Month,Fiber Optic,Electronic Check,60,112.58,6436.41,3.0,0,Yes,No,2022-05-24
12451,Male,61,South,One Year,DSL,Bank Transfer,25,47.23,1146.73,2.0,0,Yes,No,2020-09-18
12452,Female,57,South,One Year,DSL,Electronic Check,10,101.32,1059.87,2.0,2,No,Yes,2024-09-21
12453,Female,41,North,Month-to-Month,No Internet,Electronic Check,50,78.37,3670.55,5.0,0,No,No,2020-10-26
12454,Male,34,East,Month-to-Month,No Internet,Mailed Check,12,119.33,1489.29,3.0,0,No,Yes,2023-12-17
12455,Female,24,North,One Year,DSL,Mailed Check,32,95.57,2989.17,3.0,0,No,No,2021-03-01
12456,Male,60,North,Month-to-Month,DSL,Credit Card,33,84.11,2798.59,2.0,0,Yes,No,2020-02-11
12457,Male,67,South,Month-to-Month,DSL,Electronic Check,72,,5743.95,0.0,3,Yes,Yes,2021-09-29
12458,Female,18,South,Month-to-Month,DSL,Bank Transfer,26,42.29,1185.12,4.0,2,No,No,2025-01-22
12459,Male,52,South,Month-to-Month,Fiber Optic,Bank Transfer,42,74.2,3318.76,2.0,0,No,Yes,2025-10-25
12460,Male,49,West,Month-to-Month,Fiber Optic,Electronic Check,50,92.21,4926.56,3.0,2,No,Yes,2020-04-05
12461,Female,53,North,Two Year,No Internet,Electronic Check,61,32.71,1894.67,0.0,1,No,No,2022-01-06
12462,Female,30,East,One Year,DSL,Bank Transfer,41,83.68,3618.45,3.0,0,No,No,2024-07-04
12463,Female,23,South,Month-to-Month,DSL,Mailed Check,57,53.42,3062.19,2.0,1,No,No,2020-07-23
12464,Female,75,East,One Year,Fiber Optic,Bank Transfer,2,77.17,159.47,1.0,1,Yes,Yes,2023-08-04
12465,Female,31,East,Month-to-Month,No Internet,Electronic Check,70,89.77,5999.87,3.0,1,No,No,2021-10-16
12466,Male,54,East,Month-to-Month,Fiber Optic,Credit Card,31,73.1,2342.96,4.0,0,No,No,2023-10-24
12467,Male,65,South,Two Year,DSL,Credit Card,23,78.74,1931.06,5.0,1,Yes,Yes,2023-06-29
12468,Male,32,West,Month-to-Month,Fiber Optic,Electronic Check,54,90.62,4711.43,2.0,1,No,No,2023-09-18
12469,Male,64,West,Two Year,Fiber Optic,Electronic Check,28,55.53,1488.51,4.0,2,Yes,No,2022-01-13
12470,Female,21,South,Month-to-Month,DSL,Electronic Check,19,94.03,1673.49,1.0,0,No,No,2020-10-11
12471,Male,57,South,One Year,No Internet,Credit Card,48,95.32,4404.65,3.0,2,No,No,2023-09-02
12472,Female,33,West,Month-to-Month,Fiber Optic,Credit Card,2,111.68,224.64,2.0,0,No,Yes,2021-05-26
12473,Female,45,East,Month-to-Month,Fiber Optic,Bank Transfer,11,134.69,1560.46,3.0,4,No,Yes,2020-01-29
12474,Female,33,South,Month-to-Month,Fiber Optic,Bank Transfer,44,76.72,3256.21,3.0,0,No,No,2021-06-25
12475,Female,21,South,Two Year,Fiber Optic,Mailed Check,59,33.26,2000.38,2.0,1,No,No,2021-09-18
12476,Female,62,North,One Year,Fiber Optic,Bank Transfer,59,70.57,4150.03,2.0,2,Yes,No,2025-07-04
12477,Male,43,North,Two Year,DSL,Electronic Check,38,90.99,3340.66,1.0,2,No,No,2020-08-02
12478,Female,45,East,One Year,No Internet,Electronic Check,25,69.97,1752.15,1.0,2,No,Yes,2023-04-02
12479,Male,49,South,Two Year,Fiber Optic,Credit Card,21,46.88,932.18,2.0,0,No,No,2022-10-20
12480,Female,62,North,Month-to-Month,DSL,Electronic Check,42,29.91,1284.27,1.0,0,Yes,No,2024-10-13
12481,Male,19,West,Month-to-Month,Fiber Optic,Mailed Check,36,122.51,4139.15,3.0,0,No,No,2025-01-11
12482,Female,48,East,One Year,Fiber Optic,Electronic Check,9,102.21,953.89,0.0,0,No,Yes,2022-10-20
12483,Female,20,South,One Year,Fiber Optic,Electronic Check,12,74.58,848.81,1.0,1,No,No,2024-06-28
12484,Male,71,North,One Year,DSL,Credit Card,10,119.06,1285.5,1.0,1,Yes,No,2021-07-19
12485,Male,25,East,Month-to-Month,Fiber Optic,Credit Card,59,153.22,9508.14,3.0,1,No,No,2022-03-11
12486,Female,41,North,Month-to-Month,Fiber Optic,Bank Transfer,5,112.87,550.25,1.0,1,No,Yes,2023-07-02
12487,Male,32,North,Two Year,Fiber Optic,Credit Card,33,100.88,3289.73,1.0,0,No,No,2023-07-25
12488,Female,60,West,One Year,Fiber Optic,Electronic Check,69,100.21,6648.08,2.0,0,Yes,No,2021-10-07
12489,Female,48,North,Month-to-Month,Fiber Optic,Electronic Check,63,108.39,7120.41,1.0,1,No,No,2022-09-15
12490,Male,26,North,One Year,No Internet,Mailed Check,29,120.96,3440.9,2.0,1,No,No,2022-09-18
12491,Male,56,South,Two Year,DSL,Electronic Check,18,42.68,799.61,2.0,1,No,No,2021-09-20
12492,Male,62,East,Month-to-Month,No Internet,Electronic Check,6,63.52,351.75,1.0,1,Yes,Yes,2024-11-09
12493,Female,19,East,Two Year,Fiber Optic,Credit Card,53,80.81,4033.23,2.0,0,No,No,2024-02-26
12494,Male,25,East,Two Year,Fiber Optic,Electronic Check,32,96.36,3016.9,2.0,1,No,Yes,2022-03-29
12495,Male,24,North,Two Year,Fiber Optic,Credit Card,42,121.14,4769.51,2.0,1,No,No,2023-09-08
12496,Male,73,North,Two Year,Fiber Optic,Bank Transfer,47,92.32,4409.25,2.0,2,Yes,No,2025-11-09
12497,Female,61,South,One Year,DSL,Bank Transfer,31,87.63,2521.3,2.0,0,Yes,No,2021-01-11
12498,Female,68,North,Month-to-Month,Fiber Optic,Bank Transfer,62,,6813.91,0.0,2,Yes,No,2023-01-09
12499,Female,56,West,Month-to-Month,Fiber Optic,Electronic Check,56,87.58,5109.53,0.0,1,No,No,2024-07-23
12500,Male,59,South,Month-to-Month,DSL,Credit Card,11,61.6,646.84,2.0,2,No,No,2025-11-17
10649,Female,44,North,Two Year,DSL,Electronic Check,34,46.63,1542.14,1.0,2,No,No,2023-05-11
10332,Female,61,West,Month-to-Month,DSL,Bank Transfer,7,20.0,138.37,0.0,1,Yes,Yes,2024-05-24
11159,Female,63,East,Month-to-Month,Fiber Optic,Bank Transfer,25,54.19,1449.57,3.0,0,Yes,No,2023-10-13
12301,Female,44,East,Month-to-Month,No Internet,Credit Card,45,73.32,3457.65,3.0,2,No,Yes,2020-09-03
11968,Male,66,West,Two Year,Fiber Optic,Electronic Check,14,105.39,1577.45,1.0,2,Yes,No,2025-04-23
10511,Female,30,South,Two Year,Fiber Optic,Credit Card,34,95.05,3231.51,1.0,1,No,No,2022-10-27
10028,Male,33,West,Month-to-Month,No Internet,Electronic Check,45,47.41,2295.7,0.0,2,No,No,2022-12-03
10718,Female,32,West,Month-to-Month,Fiber Optic,Bank Transfer,63,105.19,6526.19,3.0,0,No,No,2025-06-10
11973,Male,74,West,Two Year,Fiber Optic,Electronic Check,64,71.41,4717.92,2.0,2,Yes,No,2023-11-26
11965,Female,30,East,Two Year,No Internet,Mailed Check,54,73.95,3771.36,1.0,0,No,No,2020-09-03
11626,Female,19,East,Month-to-Month,DSL,Credit Card,35,93.42,3186.91,1.0,0,No,No,2023-07-08
10604,Male,65,West,Two Year,Fiber Optic,Bank Transfer,39,97.04,3526.79,3.0,3,Yes,No,2021-11-22
11182,Male,54,East,One Year,No Internet,Electronic Check,69,46.23,3094.2,2.0,0,No,No,2021-04-22
11888,Male,73,North,One Year,Fiber Optic,Mailed Check,46,67.48,3240.71,3.0,1,Yes,No,2023-10-28
12027,Female,59,East,One Year,Fiber Optic,Electronic Check,11,126.01,1470.98,4.0,1,No,No,2025-01-15
